"1","1381","F","2602-08-20 00:00:00.0","2684-02-09 00:00:00.0"
"2","12775","F","2755-06-01 00:00:00.0","2819-12-24 00:00:00.0"
"3","7977","F","3274-10-16 00:00:00.0","3336-01-19 00:00:00.0"
"4","22292","F","2793-01-19 00:00:00.0","2878-08-12 00:00:00.0"
"5","21262","F","2534-12-11 00:00:00.0","2633-03-13 00:00:00.0"
"6","2346","F","2550-02-06 00:00:00.0","2634-07-25 00:00:00.0"
"7","13601","F","2436-08-02 00:00:00.0","2516-01-06 00:00:00.0"
"8","21743","F","2979-06-08 00:00:00.0","3072-01-05 00:00:00.0"
"9","12611","F","2890-06-28 00:00:00.0","2969-06-01 00:00:00.0"
"10","9059","F","2529-08-07 00:00:00.0","2623-02-15 00:00:00.0"
"11","20007","F","3382-04-07 00:00:00.0","3462-01-22 00:00:00.0"
"12","14432","F","2906-12-15 00:00:00.0","2947-01-08 00:00:00.0"
"13","417","F","3037-12-22 00:00:00.0","3088-03-20 00:00:00.0"
"14","6710","F","2784-08-09 00:00:00.0","2849-03-01 00:00:00.0"
"15","11438","F","2641-07-23 00:00:00.0","2684-01-08 00:00:00.0"
"16","4140","F","2579-01-17 00:00:00.0","2647-04-01 00:00:00.0"
"17","15498","F","2676-05-28 00:00:00.0","2716-05-12 00:00:00.0"
"18","28548","F","2875-07-04 00:00:00.0","2961-06-20 00:00:00.0"
"19","11349","F","2578-06-02 00:00:00.0","2631-05-30 00:00:00.0"
"20","4252","F","2858-11-08 00:00:00.0","2942-10-19 00:00:00.0"
"21","28156","F","3153-08-21 00:00:00.0","3242-03-10 00:00:00.0"
"22","25151","F","2561-11-15 00:00:00.0","2644-12-14 00:00:00.0"
"23","14851","F","3131-03-20 00:00:00.0","3206-03-06 00:00:00.0"
"24","20801","F","2524-08-01 00:00:00.0","2590-04-07 00:00:00.0"
"25","18581","F","2843-07-31 00:00:00.0","2931-03-09 00:00:00.0"
"26","14408","F","3170-12-15 00:00:00.0","3243-07-31 00:00:00.0"
"27","23468","F","2986-04-24 00:00:00.0","3069-10-20 00:00:00.0"
"28","23335","F","2486-01-09 00:00:00.0","2562-11-09 00:00:00.0"
"29","3818","F","2512-01-11 00:00:00.0","2548-09-12 00:00:00.0"
"30","5353","F","2736-12-30 00:00:00.0","2826-07-07 00:00:00.0"
"31","20446","F","2664-07-22 00:00:00.0","2760-04-11 00:00:00.0"
"32","10305","F","2889-04-19 00:00:00.0","2953-12-30 00:00:00.0"
"33","4596","F","2595-06-08 00:00:00.0","2648-06-09 00:00:00.0"
"34","8001","F","2704-09-17 00:00:00.0","2789-01-17 00:00:00.0"
"35","18094","F","2988-08-09 00:00:00.0","3063-12-12 00:00:00.0"
"36","16405","F","3224-09-03 00:00:00.0","3300-01-16 00:00:00.0"
"37","30510","F","3330-10-09 00:00:00.0","3385-08-22 00:00:00.0"
"38","6602","F","3217-12-23 00:00:00.0","3294-12-09 00:00:00.0"
"39","27220","F","2606-11-28 00:00:00.0","2691-08-06 00:00:00.0"
"40","11763","F","3057-11-23 00:00:00.0","3128-01-16 00:00:00.0"
"41","24214","F","3190-09-22 00:00:00.0","3258-09-19 00:00:00.0"
"42","31134","F","2632-08-08 00:00:00.0","2724-04-27 00:00:00.0"
"43","14850","F","3003-09-08 00:00:00.0","3086-08-13 00:00:00.0"
"44","28078","F","3199-01-31 00:00:00.0","3279-03-01 00:00:00.0"
"45","6172","F","2649-11-24 00:00:00.0","2736-08-04 00:00:00.0"
"46","5004","F","3334-12-03 00:00:00.0","3421-06-14 00:00:00.0"
"47","25147","F","2485-07-16 00:00:00.0","2553-12-14 00:00:00.0"
"48","5254","F","2748-05-10 00:00:00.0","2834-04-22 00:00:00.0"
"49","7354","F","3454-08-15 00:00:00.0","3494-02-03 00:00:00.0"
"50","10484","F","2978-08-02 00:00:00.0","3017-07-04 00:00:00.0"
"51","5549","F","3402-05-29 00:00:00.0","3477-09-03 00:00:00.0"
"52","13602","F","3105-03-01 00:00:00.0","3191-05-15 00:00:00.0"
"53","32196","F","2708-02-25 00:00:00.0","2794-07-08 00:00:00.0"
"54","32131","F","3398-04-24 00:00:00.0","3474-06-26 00:00:00.0"
"55","9808","F","3033-07-28 00:00:00.0","3091-04-03 00:00:00.0"
"56","1349","F","3083-05-13 00:00:00.0","3180-01-24 00:00:00.0"
"57","23888","F","2588-02-12 00:00:00.0","2650-04-10 00:00:00.0"
"58","31734","F","2691-08-08 00:00:00.0","2789-12-12 00:00:00.0"
"59","26977","F","2512-12-14 00:00:00.0","2614-09-04 00:00:00.0"
"60","19076","F","3245-03-27 00:00:00.0","3340-10-21 00:00:00.0"
"61","12090","F","2854-02-25 00:00:00.0","2929-04-02 00:00:00.0"
"62","21859","F","2572-06-08 00:00:00.0","2644-05-22 00:00:00.0"
"63","20190","F","2627-01-26 00:00:00.0","2681-10-26 00:00:00.0"
"64","24564","F","3077-11-27 00:00:00.0","3155-07-15 00:00:00.0"
"65","1521","F","3208-01-20 00:00:00.0","3276-04-30 00:00:00.0"
"66","15779","F","3168-09-22 00:00:00.0","3259-07-28 00:00:00.0"
"67","1989","F","2456-03-09 00:00:00.0","2530-09-21 00:00:00.0"
"68","32705","F","3257-03-05 00:00:00.0","3337-04-07 00:00:00.0"
"69","16284","F","2697-02-21 00:00:00.0","2775-10-21 00:00:00.0"
"70","32646","F","3383-02-08 00:00:00.0","3474-12-06 00:00:00.0"
"71","10373","F","2726-02-13 00:00:00.0","2824-03-18 00:00:00.0"
"72","1687","F","2423-04-29 00:00:00.0","2506-08-10 00:00:00.0"
"73","11341","F","2511-12-21 00:00:00.0","2575-05-31 00:00:00.0"
"74","3576","F","3008-01-28 00:00:00.0","3008-02-03 00:00:00.0"
"75","23455","F","3225-10-10 00:00:00.0","3331-02-16 00:00:00.0"
"76","32326","F","2606-02-06 00:00:00.0","2689-07-04 00:00:00.0"
"77","24626","F","2603-03-31 00:00:00.0","2680-04-02 00:00:00.0"
"78","32277","F","2715-10-12 00:00:00.0","2777-05-11 00:00:00.0"
"79","16894","F","3335-11-05 00:00:00.0","3406-02-04 00:00:00.0"
"80","26702","F","2994-03-22 00:00:00.0","3074-07-31 00:00:00.0"
"81","3400","F","2547-02-17 00:00:00.0","2627-10-15 00:00:00.0"
"82","2586","F","3253-10-10 00:00:00.0","3305-07-20 00:00:00.0"
"83","18421","F","3071-09-20 00:00:00.0","3105-12-10 00:00:00.0"
"84","3338","F","3106-09-21 00:00:00.0","3160-08-25 00:00:00.0"
"85","936","F","2434-10-14 00:00:00.0","2518-09-09 00:00:00.0"
"86","4406","F","3292-12-14 00:00:00.0","3355-06-06 00:00:00.0"
"87","31603","F","2769-01-20 00:00:00.0","2858-02-21 00:00:00.0"
"88","10301","F","3043-10-17 00:00:00.0","3103-04-01 00:00:00.0"
"89","31570","F","2854-09-01 00:00:00.0","2919-09-01 00:00:00.0"
"90","3593","F","3073-11-03 00:00:00.0","3143-12-23 00:00:00.0"
"91","1326","F","2559-02-20 00:00:00.0","2642-10-26 00:00:00.0"
"92","22735","F","2994-06-27 00:00:00.0","3041-04-16 00:00:00.0"
"93","2402","F","3376-02-08 00:00:00.0","3376-02-18 00:00:00.0"
"94","3245","F","2578-12-17 00:00:00.0","2657-12-21 00:00:00.0"
"95","23843","F","2502-12-12 00:00:00.0","2572-03-31 00:00:00.0"
"96","13742","F","2775-10-30 00:00:00.0","2863-09-18 00:00:00.0"
"97","479","F","3115-01-04 00:00:00.0","3186-10-03 00:00:00.0"
"98","12974","F","2927-10-21 00:00:00.0","2995-03-08 00:00:00.0"
"99","18119","F","3172-08-06 00:00:00.0","3242-12-10 00:00:00.0"
"100","6400","F","2707-03-22 00:00:00.0","2790-02-18 00:00:00.0"
"101","10784","F","3274-01-10 00:00:00.0","3350-11-02 00:00:00.0"
"102","17712","F","2792-02-19 00:00:00.0","2852-05-15 00:00:00.0"
"103","1227","F","2767-05-05 00:00:00.0","2833-08-02 00:00:00.0"
"104","10112","F","2717-05-27 00:00:00.0","2796-02-09 00:00:00.0"
"105","11066","F","3065-07-03 00:00:00.0","3140-03-28 00:00:00.0"
"106","8119","F","3262-03-24 00:00:00.0","3335-10-07 00:00:00.0"
"107","8301","F","3248-03-23 00:00:00.0","3248-04-16 00:00:00.0"
"108","5070","F","2793-10-23 00:00:00.0","2850-08-01 00:00:00.0"
"109","16344","F","3056-01-03 00:00:00.0","3147-04-03 00:00:00.0"
"110","7031","F","3372-04-16 00:00:00.0","3447-06-27 00:00:00.0"
"111","26462","F","2606-08-29 00:00:00.0","2695-11-19 00:00:00.0"
"112","20193","F","2744-04-17 00:00:00.0","2816-01-29 00:00:00.0"
"113","15673","F","3322-11-15 00:00:00.0","3413-12-02 00:00:00.0"
"114","25030","F","2612-02-16 00:00:00.0","2651-07-07 00:00:00.0"
"115","29438","F","2505-12-01 00:00:00.0","2589-09-07 00:00:00.0"
"116","6789","F","2825-07-26 00:00:00.0","2872-08-27 00:00:00.0"
"117","29356","F","2481-08-23 00:00:00.0","2562-07-29 00:00:00.0"
"118","29256","F","2836-11-16 00:00:00.0","2935-11-03 00:00:00.0"
"119","8840","F","2628-10-11 00:00:00.0","2702-06-21 00:00:00.0"
"120","24407","F","2754-06-08 00:00:00.0","2850-02-22 00:00:00.0"
"121","23866","F","3326-09-07 00:00:00.0","3403-05-06 00:00:00.0"
"122","13050","F","3156-10-15 00:00:00.0","3225-06-18 00:00:00.0"
"123","13136","F","2489-04-14 00:00:00.0","2568-10-27 00:00:00.0"
"124","14084","F","3177-09-06 00:00:00.0","3248-11-20 00:00:00.0"
"125","4449","F","2878-08-05 00:00:00.0","2967-12-01 00:00:00.0"
"126","11583","F","2977-01-01 00:00:00.0","3054-01-24 00:00:00.0"
"127","26199","F","2692-10-17 00:00:00.0","2769-09-21 00:00:00.0"
"128","24854","F","3062-05-20 00:00:00.0","3157-01-05 00:00:00.0"
"129","21228","F","2804-08-17 00:00:00.0","2829-06-25 00:00:00.0"
"130","31300","F","2828-12-26 00:00:00.0","2912-01-24 00:00:00.0"
"131","11093","F","2632-04-06 00:00:00.0","2673-12-31 00:00:00.0"
"132","24988","F","2438-12-05 00:00:00.0","2526-04-04 00:00:00.0"
"133","16973","F","3062-04-27 00:00:00.0","3120-07-22 00:00:00.0"
"134","7478","F","2727-06-24 00:00:00.0","2805-05-13 00:00:00.0"
"135","679","F","2561-11-24 00:00:00.0","2647-04-09 00:00:00.0"
"136","22561","F","2731-12-05 00:00:00.0","2805-02-05 00:00:00.0"
"137","1598","F","2777-01-14 00:00:00.0","2857-12-11 00:00:00.0"
"138","4264","F","3333-08-08 00:00:00.0","3423-01-04 00:00:00.0"
"139","8822","F","3035-02-13 00:00:00.0","3105-03-18 00:00:00.0"
"140","30869","F","2987-01-15 00:00:00.0","3076-01-02 00:00:00.0"
"141","21675","F","2717-01-08 00:00:00.0","2791-12-16 00:00:00.0"
"142","23650","F","3409-04-23 00:00:00.0","3497-04-10 00:00:00.0"
"143","3790","F","3155-03-04 00:00:00.0","3220-05-02 00:00:00.0"
"144","32378","F","2582-07-24 00:00:00.0","2670-05-16 00:00:00.0"
"145","30257","F","3297-06-26 00:00:00.0","3392-07-06 00:00:00.0"
"146","14182","F","2905-12-06 00:00:00.0","2987-02-25 00:00:00.0"
"147","32057","F","2735-11-14 00:00:00.0","2807-04-10 00:00:00.0"
"148","32008","F","3194-12-19 00:00:00.0","3251-01-06 00:00:00.0"
"149","25099","F","3163-03-10 00:00:00.0","3206-01-30 00:00:00.0"
"150","10509","F","2565-11-02 00:00:00.0","2663-04-23 00:00:00.0"
"151","8539","F","3429-12-21 00:00:00.0","3493-03-06 00:00:00.0"
"152","1995","F","3050-06-17 00:00:00.0","3123-12-18 00:00:00.0"
"153","12925","F","2520-12-08 00:00:00.0","2598-12-29 00:00:00.0"
"154","26209","F","2414-12-01 00:00:00.0","2507-02-22 00:00:00.0"
"155","4451","F","3043-05-05 00:00:00.0","3132-04-21 00:00:00.0"
"156","6127","F","2488-05-30 00:00:00.0","2576-05-21 00:00:00.0"
"157","11684","F","3353-04-28 00:00:00.0","3417-10-06 00:00:00.0"
"158","18368","F","2648-10-16 00:00:00.0","2719-03-11 00:00:00.0"
"159","12980","F","3033-02-26 00:00:00.0","3125-06-14 00:00:00.0"
"160","20778","F","2738-11-09 00:00:00.0","2814-03-03 00:00:00.0"
"161","8152","F","2681-07-30 00:00:00.0","2769-07-11 00:00:00.0"
"162","29444","F","2462-04-18 00:00:00.0","2555-06-26 00:00:00.0"
"163","24781","F","2635-11-16 00:00:00.0","2715-06-01 00:00:00.0"
"164","10434","F","2568-10-01 00:00:00.0","2629-06-29 00:00:00.0"
"165","23498","F","2511-08-14 00:00:00.0","2576-01-14 00:00:00.0"
"166","14824","F","2990-01-16 00:00:00.0","3064-04-05 00:00:00.0"
"167","2858","F","3290-03-17 00:00:00.0","3372-09-30 00:00:00.0"
"168","5668","F","2700-10-11 00:00:00.0","2770-08-15 00:00:00.0"
"169","8410","F","3131-10-25 00:00:00.0","3227-06-01 00:00:00.0"
"170","25046","F","2859-06-21 00:00:00.0","2926-05-01 00:00:00.0"
"171","17887","F","3062-10-14 00:00:00.0","3144-02-17 00:00:00.0"
"172","19823","F","3135-05-14 00:00:00.0","3208-06-30 00:00:00.0"
"173","17174","F","2592-09-25 00:00:00.0","2636-03-15 00:00:00.0"
"174","14413","F","2537-02-03 00:00:00.0","2587-06-10 00:00:00.0"
"175","29487","F","3361-02-08 00:00:00.0","3448-01-31 00:00:00.0"
"176","12900","F","2767-03-22 00:00:00.0","2850-06-12 00:00:00.0"
"177","2793","F","2979-04-09 00:00:00.0","3069-03-03 00:00:00.0"
"178","24245","F","2604-11-10 00:00:00.0","2675-02-05 00:00:00.0"
"179","23114","F","2871-10-22 00:00:00.0","2934-08-24 00:00:00.0"
"180","6126","F","2615-08-24 00:00:00.0","2685-08-01 00:00:00.0"
"181","6542","F","2843-03-10 00:00:00.0","2931-05-26 00:00:00.0"
"182","1727","F","3289-06-05 00:00:00.0","3346-04-11 00:00:00.0"
"183","14173","F","2843-09-04 00:00:00.0","2936-12-20 00:00:00.0"
"184","3399","F","2470-11-29 00:00:00.0","2563-09-25 00:00:00.0"
"185","21619","F","2659-06-20 00:00:00.0","2720-10-07 00:00:00.0"
"186","15626","F","2487-12-01 00:00:00.0","2553-03-16 00:00:00.0"
"187","29001","F","2592-03-14 00:00:00.0","2665-12-10 00:00:00.0"
"188","4552","F","3019-01-19 00:00:00.0","3093-08-23 00:00:00.0"
"189","14854","F","3179-04-17 00:00:00.0","3262-03-08 00:00:00.0"
"190","28150","F","3033-04-24 00:00:00.0","3119-03-10 00:00:00.0"
"191","25041","F","3202-12-23 00:00:00.0","3240-01-11 00:00:00.0"
"192","18546","F","2761-09-28 00:00:00.0","2812-02-06 00:00:00.0"
"193","27836","F","2694-01-01 00:00:00.0","2780-02-13 00:00:00.0"
"194","13436","F","2701-11-20 00:00:00.0","2779-06-06 00:00:00.0"
"195","1556","F","3214-05-14 00:00:00.0","3254-03-17 00:00:00.0"
"196","10111","F","3352-01-12 00:00:00.0","3435-01-27 00:00:00.0"
"197","3974","F","2475-08-28 00:00:00.0","2538-09-28 00:00:00.0"
"198","16848","F","3249-04-07 00:00:00.0","3325-10-26 00:00:00.0"
"199","1798","F","3245-08-07 00:00:00.0","3304-03-04 00:00:00.0"
"200","19716","F","2539-06-18 00:00:00.0","2621-01-12 00:00:00.0"
"201","20906","F","2479-07-31 00:00:00.0","2560-07-27 00:00:00.0"
"202","14511","F","3179-05-12 00:00:00.0","3261-01-12 00:00:00.0"
"203","26716","F","3052-06-03 00:00:00.0","3124-04-14 00:00:00.0"
"204","13596","F","2993-03-16 00:00:00.0","3079-06-28 00:00:00.0"
"205","16233","F","3056-05-27 00:00:00.0","3090-12-19 00:00:00.0"
"206","8754","F","3232-08-08 00:00:00.0","3309-05-14 00:00:00.0"
"207","27231","F","2821-09-05 00:00:00.0","2887-08-30 00:00:00.0"
"208","8847","F","3368-04-21 00:00:00.0","3430-10-28 00:00:00.0"
"209","24354","F","2951-03-30 00:00:00.0","3029-07-25 00:00:00.0"
"210","19912","F","3254-03-19 00:00:00.0","3330-11-24 00:00:00.0"
"211","27057","F","2616-01-21 00:00:00.0","2652-12-26 00:00:00.0"
"212","27021","F","3338-06-03 00:00:00.0","3430-11-21 00:00:00.0"
"213","26954","F","3204-02-02 00:00:00.0","3223-08-24 00:00:00.0"
"214","19937","F","2799-03-15 00:00:00.0","2861-08-10 00:00:00.0"
"215","18191","F","3000-05-09 00:00:00.0","3088-12-01 00:00:00.0"
"216","6560","F","3384-05-11 00:00:00.0","3460-08-12 00:00:00.0"
"217","16744","F","3359-09-03 00:00:00.0","3454-05-10 00:00:00.0"
"218","16599","F","2890-06-03 00:00:00.0","2950-07-04 00:00:00.0"
"219","16715","F","3012-11-22 00:00:00.0","3083-07-18 00:00:00.0"
"220","29813","F","2734-05-21 00:00:00.0","2821-09-02 00:00:00.0"
"221","20310","F","3115-12-02 00:00:00.0","3213-07-30 00:00:00.0"
"222","26281","F","2899-08-30 00:00:00.0","2967-07-12 00:00:00.0"
"223","21515","F","2656-06-27 00:00:00.0","2690-08-17 00:00:00.0"
"224","4980","F","2578-08-05 00:00:00.0","2666-06-20 00:00:00.0"
"225","21263","F","3276-01-30 00:00:00.0","3352-05-28 00:00:00.0"
"226","6535","F","2922-07-17 00:00:00.0","2997-11-01 00:00:00.0"
"227","12734","F","2544-05-03 00:00:00.0","2579-02-05 00:00:00.0"
"228","23856","F","3251-06-18 00:00:00.0","3251-06-20 00:00:00.0"
"229","29548","F","3275-06-10 00:00:00.0","3373-01-24 00:00:00.0"
"230","3919","F","2733-11-25 00:00:00.0","2824-11-07 00:00:00.0"
"231","10573","F","2649-09-19 00:00:00.0","2739-04-17 00:00:00.0"
"232","8563","F","2679-02-08 00:00:00.0","2749-07-10 00:00:00.0"
"233","11455","F","3315-12-25 00:00:00.0","3387-05-04 00:00:00.0"
"234","22686","F","2943-09-01 00:00:00.0","3004-01-26 00:00:00.0"
"235","25219","F","2947-06-05 00:00:00.0","3027-01-16 00:00:00.0"
"236","20678","F","3139-05-08 00:00:00.0","3206-03-22 00:00:00.0"
"237","3831","F","3406-12-23 00:00:00.0","3493-03-09 00:00:00.0"
"238","21206","F","2828-01-01 00:00:00.0","2901-11-06 00:00:00.0"
"239","56","F","2553-05-26 00:00:00.0","2644-01-23 00:00:00.0"
"240","10045","F","2511-03-06 00:00:00.0","2579-11-11 00:00:00.0"
"241","9646","F","2719-04-12 00:00:00.0","2798-10-19 00:00:00.0"
"242","12945","F","2697-10-29 00:00:00.0","2780-01-04 00:00:00.0"
"243","29647","F","2818-12-09 00:00:00.0","2914-05-17 00:00:00.0"
"244","12289","F","2564-09-10 00:00:00.0","2655-07-07 00:00:00.0"
"245","250","F","2687-01-13 00:00:00.0","2710-12-11 00:00:00.0"
"246","9984","F","2593-12-04 00:00:00.0","2674-01-20 00:00:00.0"
"247","25774","F","3009-08-03 00:00:00.0","3082-02-07 00:00:00.0"
"248","8714","F","2992-11-27 00:00:00.0","3052-03-29 00:00:00.0"
"249","1621","F","3197-06-30 00:00:00.0","3287-04-05 00:00:00.0"
"250","84","F","2554-10-24 00:00:00.0","2599-04-21 00:00:00.0"
"251","22784","F","3422-01-11 00:00:00.0","3489-08-06 00:00:00.0"
"252","22773","F","3310-04-08 00:00:00.0","3356-01-08 00:00:00.0"
"253","10638","F","2752-07-02 00:00:00.0","2818-03-31 00:00:00.0"
"254","9004","F","2619-03-16 00:00:00.0","2665-02-05 00:00:00.0"
"255","16059","F","2440-05-19 00:00:00.0","2518-09-07 00:00:00.0"
"256","10145","F","2732-10-19 00:00:00.0","2817-12-23 00:00:00.0"
"257","11971","F","3282-05-31 00:00:00.0","3357-01-24 00:00:00.0"
"258","930","F","2983-02-14 00:00:00.0","3066-06-27 00:00:00.0"
"259","16985","F","2642-04-01 00:00:00.0","2684-05-01 00:00:00.0"
"260","24767","F","3390-09-06 00:00:00.0","3440-04-24 00:00:00.0"
"261","16486","F","3002-04-24 00:00:00.0","3068-10-03 00:00:00.0"
"262","4339","F","3265-01-24 00:00:00.0","3350-12-23 00:00:00.0"
"263","27335","F","2746-03-07 00:00:00.0","2792-12-20 00:00:00.0"
"264","1075","F","2736-12-19 00:00:00.0","2821-03-28 00:00:00.0"
"265","15541","F","3054-12-31 00:00:00.0","3130-10-28 00:00:00.0"
"266","20043","F","2972-12-10 00:00:00.0","3041-07-14 00:00:00.0"
"267","21692","F","3341-03-24 00:00:00.0","3429-09-07 00:00:00.0"
"268","18708","F","2567-05-05 00:00:00.0","2647-11-26 00:00:00.0"
"269","20365","F","3052-07-01 00:00:00.0","3127-07-26 00:00:00.0"
"270","593","F","2828-11-21 00:00:00.0","2907-06-05 00:00:00.0"
"271","10886","F","3271-03-28 00:00:00.0","3325-02-08 00:00:00.0"
"272","26761","F","3020-10-12 00:00:00.0","3105-03-17 00:00:00.0"
"273","15723","F","2658-11-25 00:00:00.0","2754-03-04 00:00:00.0"
"274","11632","F","3406-11-01 00:00:00.0","3494-04-13 00:00:00.0"
"275","31306","F","3353-05-08 00:00:00.0","3426-06-26 00:00:00.0"
"276","117","F","3082-01-10 00:00:00.0","3131-12-15 00:00:00.0"
"277","26322","F","3391-01-05 00:00:00.0","3484-08-25 00:00:00.0"
"278","5532","F","2949-12-12 00:00:00.0","3027-03-19 00:00:00.0"
"279","13514","F","2735-09-06 00:00:00.0","2814-05-10 00:00:00.0"
"280","6759","F","3231-05-09 00:00:00.0","3304-10-14 00:00:00.0"
"281","18784","F","3086-01-20 00:00:00.0","3168-02-16 00:00:00.0"
"282","32118","F","3155-01-27 00:00:00.0","3233-04-19 00:00:00.0"
"283","16840","F","3360-06-10 00:00:00.0","3433-11-02 00:00:00.0"
"284","9526","F","2489-10-13 00:00:00.0","2577-11-02 00:00:00.0"
"285","5637","F","2882-12-19 00:00:00.0","2930-08-29 00:00:00.0"
"286","6912","F","3223-02-08 00:00:00.0","3246-10-30 00:00:00.0"
"287","19270","F","3244-01-27 00:00:00.0","3327-10-19 00:00:00.0"
"288","18264","F","3286-11-17 00:00:00.0","3376-04-01 00:00:00.0"
"289","8925","F","2635-04-19 00:00:00.0","2726-03-06 00:00:00.0"
"290","13957","F","3204-03-11 00:00:00.0","3275-05-26 00:00:00.0"
"291","20628","F","3218-10-24 00:00:00.0","3281-04-19 00:00:00.0"
"292","17021","F","2654-08-10 00:00:00.0","2733-12-19 00:00:00.0"
"293","16942","F","3233-11-30 00:00:00.0","3310-09-19 00:00:00.0"
"294","8172","F","2628-08-12 00:00:00.0","2708-04-24 00:00:00.0"
"295","3268","F","3118-04-12 00:00:00.0","3201-03-04 00:00:00.0"
"296","15665","F","3107-08-26 00:00:00.0","3182-08-09 00:00:00.0"
"297","23660","F","3147-01-05 00:00:00.0","3249-03-20 00:00:00.0"
"298","9773","F","3077-02-18 00:00:00.0","3157-03-27 00:00:00.0"
"299","26710","F","3172-12-19 00:00:00.0","3236-04-30 00:00:00.0"
"300","9047","F","2802-12-30 00:00:00.0","2849-06-23 00:00:00.0"
"301","16205","F","2721-10-13 00:00:00.0","2817-02-06 00:00:00.0"
"302","32147","F","2780-11-01 00:00:00.0","2862-06-17 00:00:00.0"
"303","4806","F","2754-10-02 00:00:00.0","2846-08-16 00:00:00.0"
"304","12807","F","2642-12-12 00:00:00.0","2727-01-04 00:00:00.0"
"305","6464","F","2997-02-04 00:00:00.0","3072-05-05 00:00:00.0"
"306","13351","F","2531-01-23 00:00:00.0","2586-02-16 00:00:00.0"
"307","16436","F","3008-03-28 00:00:00.0","3068-11-05 00:00:00.0"
"308","22132","F","2908-02-28 00:00:00.0","2961-01-18 00:00:00.0"
"309","13479","F","2427-04-18 00:00:00.0","2506-07-18 00:00:00.0"
"310","17677","F","3280-04-27 00:00:00.0","3337-05-23 00:00:00.0"
"311","13438","F","2802-12-07 00:00:00.0","2849-05-31 00:00:00.0"
"312","3677","F","3231-03-06 00:00:00.0","3266-12-30 00:00:00.0"
"313","20354","F","2457-07-30 00:00:00.0","2526-08-31 00:00:00.0"
"314","6133","F","3137-08-02 00:00:00.0","3184-11-05 00:00:00.0"
"315","20515","F","2865-05-01 00:00:00.0","2956-03-08 00:00:00.0"
"316","10992","F","3172-12-27 00:00:00.0","3256-10-26 00:00:00.0"
"317","7832","F","2503-08-12 00:00:00.0","2503-08-12 00:00:00.0"
"318","24963","F","3337-07-13 00:00:00.0","3420-05-20 00:00:00.0"
"319","7958","F","3059-11-15 00:00:00.0","3149-11-16 00:00:00.0"
"320","11479","F","3156-05-05 00:00:00.0","3254-07-23 00:00:00.0"
"321","16394","F","3181-03-07 00:00:00.0","3231-01-18 00:00:00.0"
"322","2099","F","3261-06-05 00:00:00.0","3318-09-14 00:00:00.0"
"323","31253","F","2996-10-27 00:00:00.0","3081-07-01 00:00:00.0"
"324","4133","F","3222-02-14 00:00:00.0","3288-10-02 00:00:00.0"
"325","23286","F","2533-06-22 00:00:00.0","2533-07-29 00:00:00.0"
"326","31072","F","2500-03-16 00:00:00.0","2589-04-16 00:00:00.0"
"327","16127","F","3377-07-07 00:00:00.0","3447-09-25 00:00:00.0"
"328","4444","F","2849-04-17 00:00:00.0","2927-08-09 00:00:00.0"
"329","12762","F","2612-01-23 00:00:00.0","2703-06-08 00:00:00.0"
"330","30690","F","3388-02-09 00:00:00.0","3465-06-03 00:00:00.0"
"331","25514","F","3010-06-28 00:00:00.0","3077-04-22 00:00:00.0"
"332","14405","F","2834-03-05 00:00:00.0","2922-02-16 00:00:00.0"
"333","30502","F","2637-08-24 00:00:00.0","2725-07-19 00:00:00.0"
"334","20716","F","3381-07-15 00:00:00.0","3464-12-25 00:00:00.0"
"335","19899","F","3236-04-22 00:00:00.0","3320-02-09 00:00:00.0"
"336","30420","F","3044-03-30 00:00:00.0","3128-12-31 00:00:00.0"
"337","15759","F","2448-12-28 00:00:00.0","2513-02-19 00:00:00.0"
"338","29190","F","2864-07-07 00:00:00.0","2935-07-20 00:00:00.0"
"339","24127","F","2454-11-20 00:00:00.0","2543-09-29 00:00:00.0"
"340","25556","F","3094-01-06 00:00:00.0","3180-03-21 00:00:00.0"
"341","21565","F","2762-10-11 00:00:00.0","2838-11-22 00:00:00.0"
"342","11824","F","3256-02-16 00:00:00.0","3303-07-28 00:00:00.0"
"343","513","F","3241-02-01 00:00:00.0","3241-02-11 00:00:00.0"
"344","22480","F","3204-06-27 00:00:00.0","3286-03-05 00:00:00.0"
"345","14840","F","2767-08-09 00:00:00.0","2847-02-25 00:00:00.0"
"346","18754","F","3365-06-18 00:00:00.0","3446-01-01 00:00:00.0"
"347","14114","F","3053-06-03 00:00:00.0","3131-08-17 00:00:00.0"
"348","3287","F","2554-05-02 00:00:00.0","2632-06-19 00:00:00.0"
"349","5206","F","3236-08-09 00:00:00.0","3320-03-22 00:00:00.0"
"350","13268","F","3283-10-16 00:00:00.0","3367-01-19 00:00:00.0"
"351","7419","F","2489-07-24 00:00:00.0","2544-10-09 00:00:00.0"
"352","4653","F","3034-06-21 00:00:00.0","3117-10-04 00:00:00.0"
"353","344","F","3064-08-17 00:00:00.0","3122-10-28 00:00:00.0"
"354","471","F","2498-09-18 00:00:00.0","2574-08-18 00:00:00.0"
"355","14150","F","3184-02-14 00:00:00.0","3252-08-18 00:00:00.0"
"356","3826","F","2952-04-05 00:00:00.0","2989-02-19 00:00:00.0"
"357","6505","F","3417-11-16 00:00:00.0","3492-02-19 00:00:00.0"
"358","10955","F","2546-12-07 00:00:00.0","2624-12-03 00:00:00.0"
"359","25437","F","2906-07-28 00:00:00.0","2956-11-02 00:00:00.0"
"360","26241","F","2621-01-14 00:00:00.0","2669-03-27 00:00:00.0"
"361","21479","F","3038-07-25 00:00:00.0","3106-01-29 00:00:00.0"
"362","28255","F","2718-01-09 00:00:00.0","2814-07-21 00:00:00.0"
"363","28241","F","2504-08-05 00:00:00.0","2588-05-31 00:00:00.0"
"364","28198","F","3274-12-22 00:00:00.0","3356-06-13 00:00:00.0"
"365","28155","F","2554-06-19 00:00:00.0","2632-02-26 00:00:00.0"
"366","13262","F","2758-12-03 00:00:00.0","2816-09-03 00:00:00.0"
"367","14462","F","3310-05-19 00:00:00.0","3399-11-12 00:00:00.0"
"368","27963","F","2573-09-16 00:00:00.0","2636-10-24 00:00:00.0"
"369","13847","F","2854-04-14 00:00:00.0","2934-05-04 00:00:00.0"
"370","9260","F","2854-09-14 00:00:00.0","2939-03-09 00:00:00.0"
"371","13158","F","3331-06-28 00:00:00.0","3408-02-04 00:00:00.0"
"372","14957","F","2558-12-01 00:00:00.0","2641-12-10 00:00:00.0"
"373","25674","F","2956-03-31 00:00:00.0","3035-02-02 00:00:00.0"
"374","4988","F","3011-05-10 00:00:00.0","3099-07-21 00:00:00.0"
"375","2417","F","2977-12-06 00:00:00.0","3057-01-27 00:00:00.0"
"376","10669","F","3196-05-12 00:00:00.0","3288-11-28 00:00:00.0"
"377","25540","F","3087-01-10 00:00:00.0","3176-01-13 00:00:00.0"
"378","13252","F","2916-12-14 00:00:00.0","2963-11-23 00:00:00.0"
"379","32617","F","3416-07-18 00:00:00.0","3416-07-19 00:00:00.0"
"380","17036","F","3139-04-02 00:00:00.0","3231-01-26 00:00:00.0"
"381","16622","F","2923-05-06 00:00:00.0","2996-12-11 00:00:00.0"
"382","26525","F","3449-02-01 00:00:00.0","3449-02-01 00:00:00.0"
"383","17558","F","3142-09-30 00:00:00.0","3240-05-20 00:00:00.0"
"384","3310","F","2959-08-21 00:00:00.0","3054-03-17 00:00:00.0"
"385","7370","F","2767-08-26 00:00:00.0","2767-08-27 00:00:00.0"
"386","18252","F","3265-06-08 00:00:00.0","3329-10-12 00:00:00.0"
"387","8774","F","2779-03-19 00:00:00.0","2869-03-26 00:00:00.0"
"388","14286","F","3252-05-10 00:00:00.0","3338-02-20 00:00:00.0"
"389","4927","F","2804-04-21 00:00:00.0","2864-06-25 00:00:00.0"
"390","32292","F","3078-10-25 00:00:00.0","3162-03-09 00:00:00.0"
"391","20766","F","2704-11-02 00:00:00.0","2790-04-22 00:00:00.0"
"392","4412","F","3105-05-17 00:00:00.0","3105-06-24 00:00:00.0"
"393","3189","F","2623-10-29 00:00:00.0","2716-05-02 00:00:00.0"
"394","3822","F","2810-11-10 00:00:00.0","2879-09-10 00:00:00.0"
"395","17028","F","3016-08-05 00:00:00.0","3089-11-26 00:00:00.0"
"396","25775","F","2568-04-06 00:00:00.0","2647-12-15 00:00:00.0"
"397","18508","F","2772-10-14 00:00:00.0","2855-06-01 00:00:00.0"
"398","22046","F","3225-04-06 00:00:00.0","3304-01-15 00:00:00.0"
"399","5555","F","3226-09-17 00:00:00.0","3311-05-23 00:00:00.0"
"400","20790","F","2912-05-10 00:00:00.0","2977-12-08 00:00:00.0"
"401","16680","F","2612-08-12 00:00:00.0","2686-06-28 00:00:00.0"
"402","27671","F","2922-07-28 00:00:00.0","2922-08-13 00:00:00.0"
"403","27640","F","2779-08-26 00:00:00.0","2855-07-17 00:00:00.0"
"404","11168","F","3125-05-12 00:00:00.0","3214-07-31 00:00:00.0"
"405","6874","F","3414-09-20 00:00:00.0","3473-01-26 00:00:00.0"
"406","25568","F","3396-10-08 00:00:00.0","3482-04-13 00:00:00.0"
"407","15328","F","2623-04-22 00:00:00.0","2700-09-29 00:00:00.0"
"408","21880","F","2805-06-02 00:00:00.0","2883-03-31 00:00:00.0"
"409","3055","F","2981-02-20 00:00:00.0","3060-07-30 00:00:00.0"
"410","27377","F","2471-08-26 00:00:00.0","2566-09-13 00:00:00.0"
"411","27353","F","3055-11-29 00:00:00.0","3110-03-21 00:00:00.0"
"412","10592","F","3302-08-08 00:00:00.0","3398-05-24 00:00:00.0"
"413","3393","F","3109-08-14 00:00:00.0","3177-10-28 00:00:00.0"
"414","19243","F","2470-12-18 00:00:00.0","2533-05-27 00:00:00.0"
"415","8193","F","3071-09-15 00:00:00.0","3147-09-13 00:00:00.0"
"416","27069","F","3297-03-13 00:00:00.0","3362-02-25 00:00:00.0"
"417","7276","F","2528-04-20 00:00:00.0","2610-03-03 00:00:00.0"
"418","16232","F","3015-11-11 00:00:00.0","3098-01-05 00:00:00.0"
"419","7586","F","2608-03-30 00:00:00.0","2695-10-04 00:00:00.0"
"420","23658","F","2601-04-29 00:00:00.0","2672-03-25 00:00:00.0"
"421","21353","F","3299-01-14 00:00:00.0","3340-10-14 00:00:00.0"
"422","7062","F","2635-03-14 00:00:00.0","2690-07-25 00:00:00.0"
"423","21930","F","3111-02-12 00:00:00.0","3189-03-13 00:00:00.0"
"424","24351","F","2868-02-20 00:00:00.0","2938-10-20 00:00:00.0"
"425","9812","F","3159-10-06 00:00:00.0","3206-06-29 00:00:00.0"
"426","16121","F","2937-08-11 00:00:00.0","3009-03-17 00:00:00.0"
"427","26829","F","2426-08-31 00:00:00.0","2508-08-13 00:00:00.0"
"428","20131","F","3167-05-15 00:00:00.0","3220-09-21 00:00:00.0"
"429","23526","F","3069-12-05 00:00:00.0","3134-07-27 00:00:00.0"
"430","7895","F","2750-12-07 00:00:00.0","2830-10-18 00:00:00.0"
"431","22659","F","2643-11-05 00:00:00.0","2726-04-09 00:00:00.0"
"432","15460","F","2498-03-17 00:00:00.0","2529-01-15 00:00:00.0"
"433","3771","F","3247-07-04 00:00:00.0","3343-11-08 00:00:00.0"
"434","17367","F","2962-01-01 00:00:00.0","3008-02-10 00:00:00.0"
"435","22029","F","2992-01-07 00:00:00.0","3052-02-14 00:00:00.0"
"436","25482","F","2751-10-31 00:00:00.0","2822-07-08 00:00:00.0"
"437","4228","F","3012-04-28 00:00:00.0","3094-11-19 00:00:00.0"
"438","21870","F","3416-08-05 00:00:00.0","3465-10-25 00:00:00.0"
"439","10098","F","2863-10-08 00:00:00.0","2883-10-04 00:00:00.0"
"440","8604","F","3003-04-15 00:00:00.0","3079-11-25 00:00:00.0"
"441","17505","F","2862-01-14 00:00:00.0","2942-09-26 00:00:00.0"
"442","16285","F","2460-01-28 00:00:00.0","2554-01-18 00:00:00.0"
"443","25081","F","3106-06-17 00:00:00.0","3157-07-08 00:00:00.0"
"444","16187","F","3178-11-08 00:00:00.0","3236-11-19 00:00:00.0"
"445","13412","F","2645-05-04 00:00:00.0","2731-05-03 00:00:00.0"
"446","19603","F","3199-09-12 00:00:00.0","3279-12-02 00:00:00.0"
"447","9417","F","3177-02-08 00:00:00.0","3268-12-06 00:00:00.0"
"448","26504","F","2883-11-05 00:00:00.0","2940-03-11 00:00:00.0"
"449","9923","F","2726-01-15 00:00:00.0","2793-02-12 00:00:00.0"
"450","27527","F","2443-10-22 00:00:00.0","2506-10-20 00:00:00.0"
"451","11469","F","3259-06-01 00:00:00.0","3312-09-27 00:00:00.0"
"452","7518","F","3229-08-02 00:00:00.0","3295-06-28 00:00:00.0"
"453","3652","F","3315-08-31 00:00:00.0","3396-11-17 00:00:00.0"
"454","17756","F","2846-03-25 00:00:00.0","2946-04-07 00:00:00.0"
"455","14670","F","2571-10-28 00:00:00.0","2655-06-27 00:00:00.0"
"456","8093","F","3198-01-18 00:00:00.0","3280-02-21 00:00:00.0"
"457","3356","F","2937-05-16 00:00:00.0","3018-07-22 00:00:00.0"
"458","31117","F","2597-08-31 00:00:00.0","2685-02-13 00:00:00.0"
"459","23357","F","3289-07-28 00:00:00.0","3348-05-21 00:00:00.0"
"460","28565","F","3428-06-25 00:00:00.0","3500-07-13 00:00:00.0"
"461","24022","F","2478-11-27 00:00:00.0","2550-03-01 00:00:00.0"
"462","7606","F","2844-11-18 00:00:00.0","2914-02-04 00:00:00.0"
"463","8933","F","3188-07-26 00:00:00.0","3255-04-14 00:00:00.0"
"464","13965","F","3065-05-16 00:00:00.0","3141-11-13 00:00:00.0"
"465","32444","F","2965-01-26 00:00:00.0","3043-02-12 00:00:00.0"
"466","9352","F","2865-08-25 00:00:00.0","2955-03-06 00:00:00.0"
"467","32323","F","2775-10-27 00:00:00.0","2842-12-25 00:00:00.0"
"468","8132","F","3267-01-30 00:00:00.0","3348-11-30 00:00:00.0"
"469","19936","F","3048-12-19 00:00:00.0","3137-04-10 00:00:00.0"
"470","5394","F","3414-01-22 00:00:00.0","3462-02-28 00:00:00.0"
"471","28004","F","2880-12-11 00:00:00.0","2962-12-10 00:00:00.0"
"472","3607","F","2898-04-12 00:00:00.0","2986-09-18 00:00:00.0"
"473","8327","F","2943-03-21 00:00:00.0","2943-03-21 00:00:00.0"
"474","13431","F","2681-06-14 00:00:00.0","2765-12-09 00:00:00.0"
"475","17718","F","2980-05-12 00:00:00.0","3023-11-02 00:00:00.0"
"476","20338","F","2586-06-15 00:00:00.0","2679-04-24 00:00:00.0"
"477","23786","F","2925-01-18 00:00:00.0","2985-05-22 00:00:00.0"
"478","19644","F","3364-12-01 00:00:00.0","3443-09-28 00:00:00.0"
"479","30193","F","3324-12-26 00:00:00.0","3362-06-03 00:00:00.0"
"480","29353","F","2779-12-21 00:00:00.0","2840-05-28 00:00:00.0"
"481","7481","F","3106-07-10 00:00:00.0","3183-04-19 00:00:00.0"
"482","18160","F","2981-04-13 00:00:00.0","3056-02-13 00:00:00.0"
"483","22944","F","2612-11-14 00:00:00.0","2692-02-11 00:00:00.0"
"484","19856","F","2930-07-17 00:00:00.0","3014-08-05 00:00:00.0"
"485","2401","F","3153-02-18 00:00:00.0","3188-03-02 00:00:00.0"
"486","19570","F","2970-05-26 00:00:00.0","3063-05-22 00:00:00.0"
"487","4780","F","3303-08-15 00:00:00.0","3374-11-09 00:00:00.0"
"488","20361","F","3032-08-03 00:00:00.0","3119-02-24 00:00:00.0"
"489","24898","F","3139-09-30 00:00:00.0","3214-01-04 00:00:00.0"
"490","21388","F","2776-03-08 00:00:00.0","2843-03-14 00:00:00.0"
"491","9645","F","2774-07-25 00:00:00.0","2863-07-05 00:00:00.0"
"492","6821","F","2721-05-16 00:00:00.0","2814-03-07 00:00:00.0"
"493","12776","F","2910-04-07 00:00:00.0","2991-09-22 00:00:00.0"
"494","13035","F","3157-07-04 00:00:00.0","3219-04-14 00:00:00.0"
"495","21857","F","3064-08-25 00:00:00.0","3139-03-10 00:00:00.0"
"496","739","F","3351-06-12 00:00:00.0","3412-01-27 00:00:00.0"
"497","22496","F","3207-04-17 00:00:00.0","3279-09-03 00:00:00.0"
"498","5578","F","2974-02-04 00:00:00.0","3026-04-09 00:00:00.0"
"499","23868","F","3445-11-20 00:00:00.0","3498-05-14 00:00:00.0"
"500","6615","F","2589-07-23 00:00:00.0","2669-07-30 00:00:00.0"
"501","27595","F","2663-05-28 00:00:00.0","2695-09-30 00:00:00.0"
"502","17602","F","2984-06-18 00:00:00.0","3055-12-08 00:00:00.0"
"503","10431","F","3292-03-20 00:00:00.0","3369-06-06 00:00:00.0"
"504","1184","F","3381-06-22 00:00:00.0","3454-12-28 00:00:00.0"
"505","18251","F","2854-07-24 00:00:00.0","2918-05-29 00:00:00.0"
"506","23637","F","3168-04-08 00:00:00.0","3254-07-07 00:00:00.0"
"507","29423","F","2934-02-16 00:00:00.0","3029-08-04 00:00:00.0"
"508","21445","F","3357-05-02 00:00:00.0","3432-12-22 00:00:00.0"
"509","532","F","2634-10-11 00:00:00.0","2722-01-26 00:00:00.0"
"510","15258","F","3218-04-21 00:00:00.0","3270-03-13 00:00:00.0"
"511","32676","F","2903-07-13 00:00:00.0","2981-07-02 00:00:00.0"
"512","16712","F","2524-05-29 00:00:00.0","2607-10-20 00:00:00.0"
"513","304","F","3191-01-16 00:00:00.0","3281-05-30 00:00:00.0"
"514","23047","F","2484-09-02 00:00:00.0","2557-04-22 00:00:00.0"
"515","13319","F","2453-08-17 00:00:00.0","2532-05-04 00:00:00.0"
"516","5701","F","3066-02-20 00:00:00.0","3150-01-09 00:00:00.0"
"517","15524","F","3212-09-06 00:00:00.0","3261-01-28 00:00:00.0"
"518","23977","F","3118-11-06 00:00:00.0","3200-04-03 00:00:00.0"
"519","6823","F","2971-11-05 00:00:00.0","3034-08-23 00:00:00.0"
"520","13720","F","2973-07-08 00:00:00.0","3032-05-17 00:00:00.0"
"521","103","F","3390-04-30 00:00:00.0","3450-09-17 00:00:00.0"
"522","19465","F","3254-05-03 00:00:00.0","3337-03-17 00:00:00.0"
"523","22863","F","2901-06-07 00:00:00.0","2978-10-01 00:00:00.0"
"524","8034","F","2560-01-25 00:00:00.0","2658-04-20 00:00:00.0"
"525","17311","F","2690-01-11 00:00:00.0","2762-10-15 00:00:00.0"
"526","8131","F","2698-06-26 00:00:00.0","2751-02-28 00:00:00.0"
"527","1996","F","3139-09-16 00:00:00.0","3215-12-16 00:00:00.0"
"528","17646","F","3223-12-03 00:00:00.0","3301-10-16 00:00:00.0"
"529","15038","F","2769-02-25 00:00:00.0","2848-07-15 00:00:00.0"
"530","25602","F","2704-01-17 00:00:00.0","2786-12-27 00:00:00.0"
"531","30294","F","3434-09-01 00:00:00.0","3500-03-15 00:00:00.0"
"532","29907","F","3333-04-09 00:00:00.0","3405-11-01 00:00:00.0"
"533","22745","F","3403-09-28 00:00:00.0","3488-03-19 00:00:00.0"
"534","8151","F","2512-03-21 00:00:00.0","2599-09-10 00:00:00.0"
"535","15087","F","3069-12-07 00:00:00.0","3172-02-02 00:00:00.0"
"536","15796","F","2958-09-26 00:00:00.0","3038-02-24 00:00:00.0"
"537","22636","F","2857-09-05 00:00:00.0","2917-05-27 00:00:00.0"
"538","21717","F","2471-09-21 00:00:00.0","2562-02-26 00:00:00.0"
"539","5437","F","2636-05-21 00:00:00.0","2694-08-05 00:00:00.0"
"540","20423","F","2702-08-04 00:00:00.0","2788-11-14 00:00:00.0"
"541","7027","F","3406-06-24 00:00:00.0","3477-06-12 00:00:00.0"
"542","21438","F","2937-11-19 00:00:00.0","3006-11-27 00:00:00.0"
"543","12835","F","3078-08-12 00:00:00.0","3154-09-09 00:00:00.0"
"544","1427","F","3344-12-05 00:00:00.0","3422-11-28 00:00:00.0"
"545","3375","F","3081-02-10 00:00:00.0","3144-09-18 00:00:00.0"
"546","9497","F","3085-06-30 00:00:00.0","3148-11-06 00:00:00.0"
"547","11648","F","2778-02-05 00:00:00.0","2864-03-25 00:00:00.0"
"548","21131","F","3430-10-30 00:00:00.0","3501-03-21 00:00:00.0"
"549","10262","F","2461-11-17 00:00:00.0","2510-06-05 00:00:00.0"
"550","6518","F","3104-05-14 00:00:00.0","3158-12-23 00:00:00.0"
"551","1109","F","3242-06-25 00:00:00.0","3305-09-10 00:00:00.0"
"552","27821","F","2827-11-28 00:00:00.0","2862-02-05 00:00:00.0"
"553","25870","F","3327-06-27 00:00:00.0","3421-11-08 00:00:00.0"
"554","27662","F","2699-09-04 00:00:00.0","2755-07-31 00:00:00.0"
"555","24134","F","3222-12-23 00:00:00.0","3297-02-02 00:00:00.0"
"556","2177","F","3228-12-17 00:00:00.0","3251-03-31 00:00:00.0"
"557","9134","F","3266-02-25 00:00:00.0","3348-03-12 00:00:00.0"
"558","14321","F","2590-03-19 00:00:00.0","2665-09-17 00:00:00.0"
"559","17436","F","2485-02-04 00:00:00.0","2532-08-10 00:00:00.0"
"560","27394","F","3265-07-21 00:00:00.0","3287-09-10 00:00:00.0"
"561","24326","F","2866-04-30 00:00:00.0","2947-08-16 00:00:00.0"
"562","10339","F","2853-07-03 00:00:00.0","2936-11-10 00:00:00.0"
"563","29090","F","3281-12-26 00:00:00.0","3361-04-05 00:00:00.0"
"564","28945","F","2950-11-19 00:00:00.0","3017-04-14 00:00:00.0"
"565","6383","F","2634-02-28 00:00:00.0","2717-05-25 00:00:00.0"
"566","28829","F","2584-09-27 00:00:00.0","2641-10-14 00:00:00.0"
"567","6959","F","3370-04-07 00:00:00.0","3386-10-03 00:00:00.0"
"568","16525","F","2784-11-09 00:00:00.0","2869-04-07 00:00:00.0"
"569","31791","F","3172-06-26 00:00:00.0","3257-10-13 00:00:00.0"
"570","14964","F","3160-10-06 00:00:00.0","3253-01-04 00:00:00.0"
"571","22156","F","3395-04-23 00:00:00.0","3415-10-21 00:00:00.0"
"572","18748","F","2915-11-17 00:00:00.0","2989-08-15 00:00:00.0"
"573","20971","F","3184-12-08 00:00:00.0","3256-08-22 00:00:00.0"
"574","18687","F","3146-02-22 00:00:00.0","3208-07-05 00:00:00.0"
"575","21795","F","2802-08-26 00:00:00.0","2899-08-25 00:00:00.0"
"576","7712","F","2463-03-28 00:00:00.0","2512-02-12 00:00:00.0"
"577","12873","F","2991-02-02 00:00:00.0","3084-05-05 00:00:00.0"
"578","2063","F","2975-05-27 00:00:00.0","3061-11-08 00:00:00.0"
"579","17863","F","2911-10-26 00:00:00.0","2993-01-27 00:00:00.0"
"580","13470","F","3358-05-24 00:00:00.0","3427-11-30 00:00:00.0"
"581","31493","F","3015-04-07 00:00:00.0","3102-07-09 00:00:00.0"
"582","24379","F","2876-12-30 00:00:00.0","2948-05-09 00:00:00.0"
"583","6027","F","2584-12-20 00:00:00.0","2665-05-20 00:00:00.0"
"584","19492","F","3247-07-20 00:00:00.0","3286-04-01 00:00:00.0"
"585","31421","F","2441-02-03 00:00:00.0","2515-07-19 00:00:00.0"
"586","31402","F","3362-12-21 00:00:00.0","3443-05-06 00:00:00.0"
"587","10126","F","3333-05-06 00:00:00.0","3377-07-19 00:00:00.0"
"588","12356","F","3256-06-09 00:00:00.0","3338-09-15 00:00:00.0"
"589","20216","F","2722-12-25 00:00:00.0","2809-06-04 00:00:00.0"
"590","11049","F","3161-11-28 00:00:00.0","3251-03-05 00:00:00.0"
"591","8770","F","3396-06-04 00:00:00.0","3495-10-21 00:00:00.0"
"592","31150","F","3241-02-04 00:00:00.0","3307-08-18 00:00:00.0"
"593","9309","F","2735-08-25 00:00:00.0","2826-11-01 00:00:00.0"
"594","2010","F","2567-12-06 00:00:00.0","2647-09-03 00:00:00.0"
"595","21265","F","3124-07-21 00:00:00.0","3201-06-12 00:00:00.0"
"596","26885","F","3300-03-30 00:00:00.0","3355-04-04 00:00:00.0"
"597","20143","F","3006-07-29 00:00:00.0","3095-10-29 00:00:00.0"
"598","26798","F","3314-04-07 00:00:00.0","3402-09-07 00:00:00.0"
"599","26791","F","2906-06-04 00:00:00.0","2932-01-08 00:00:00.0"
"600","8406","F","3275-07-08 00:00:00.0","3307-09-18 00:00:00.0"
"601","1977","F","3342-08-10 00:00:00.0","3432-07-15 00:00:00.0"
"602","2855","F","3406-03-02 00:00:00.0","3469-02-05 00:00:00.0"
"603","6038","F","3400-07-10 00:00:00.0","3480-09-30 00:00:00.0"
"604","20585","F","2557-06-14 00:00:00.0","2620-02-18 00:00:00.0"
"605","24168","F","3022-06-18 00:00:00.0","3091-09-10 00:00:00.0"
"606","29704","F","3047-06-05 00:00:00.0","3134-01-20 00:00:00.0"
"607","3143","F","2550-06-03 00:00:00.0","2632-05-25 00:00:00.0"
"608","29146","F","2575-07-09 00:00:00.0","2644-08-14 00:00:00.0"
"609","16236","F","2873-02-16 00:00:00.0","2936-06-26 00:00:00.0"
"610","28382","F","3156-07-24 00:00:00.0","3205-10-16 00:00:00.0"
"611","9380","F","2603-07-08 00:00:00.0","2691-01-17 00:00:00.0"
"612","3139","F","2510-06-02 00:00:00.0","2577-04-30 00:00:00.0"
"613","14919","F","2757-06-24 00:00:00.0","2805-04-23 00:00:00.0"
"614","3661","F","2953-11-20 00:00:00.0","3039-10-22 00:00:00.0"
"615","5762","F","2961-05-14 00:00:00.0","3001-04-27 00:00:00.0"
"616","26912","F","2629-05-03 00:00:00.0","2674-07-19 00:00:00.0"
"617","11612","F","2440-01-19 00:00:00.0","2520-08-29 00:00:00.0"
"618","26596","F","3273-11-07 00:00:00.0","3331-12-17 00:00:00.0"
"619","12756","F","2556-03-18 00:00:00.0","2619-11-14 00:00:00.0"
"620","3132","F","2696-02-26 00:00:00.0","2734-09-06 00:00:00.0"
"621","26637","F","2543-12-17 00:00:00.0","2612-08-31 00:00:00.0"
"622","19536","F","2996-10-01 00:00:00.0","3055-10-03 00:00:00.0"
"623","13355","F","3069-04-23 00:00:00.0","3096-10-13 00:00:00.0"
"624","24396","F","3265-08-20 00:00:00.0","3326-11-14 00:00:00.0"
"625","9797","F","2884-03-19 00:00:00.0","2952-02-18 00:00:00.0"
"626","7948","F","2890-12-27 00:00:00.0","2946-06-03 00:00:00.0"
"627","29197","F","2424-05-11 00:00:00.0","2508-01-06 00:00:00.0"
"628","8841","F","3310-01-27 00:00:00.0","3360-02-16 00:00:00.0"
"629","16193","F","2944-04-21 00:00:00.0","3022-05-12 00:00:00.0"
"630","4549","F","3271-09-06 00:00:00.0","3368-03-21 00:00:00.0"
"631","7391","F","2670-06-01 00:00:00.0","2739-02-09 00:00:00.0"
"632","3229","F","3325-02-18 00:00:00.0","3399-12-25 00:00:00.0"
"633","1224","F","3148-11-06 00:00:00.0","3223-08-26 00:00:00.0"
"634","13007","F","3022-04-26 00:00:00.0","3100-11-23 00:00:00.0"
"635","15827","F","2519-07-15 00:00:00.0","2602-02-21 00:00:00.0"
"636","20895","F","3069-06-24 00:00:00.0","3152-12-21 00:00:00.0"
"637","8547","F","2821-05-02 00:00:00.0","2871-06-17 00:00:00.0"
"638","24676","F","3355-03-23 00:00:00.0","3436-07-17 00:00:00.0"
"639","15504","F","3119-11-28 00:00:00.0","3196-11-24 00:00:00.0"
"640","31890","F","2641-08-13 00:00:00.0","2714-11-24 00:00:00.0"
"641","15110","F","3373-08-12 00:00:00.0","3438-05-18 00:00:00.0"
"642","14237","F","3083-11-28 00:00:00.0","3135-03-21 00:00:00.0"
"643","25716","F","2498-10-20 00:00:00.0","2589-10-07 00:00:00.0"
"644","26240","F","3209-08-30 00:00:00.0","3261-06-20 00:00:00.0"
"645","25184","F","2666-08-05 00:00:00.0","2735-12-09 00:00:00.0"
"646","20089","F","3262-04-26 00:00:00.0","3354-03-22 00:00:00.0"
"647","30726","F","3282-01-13 00:00:00.0","3361-07-31 00:00:00.0"
"648","22350","F","3266-11-13 00:00:00.0","3330-11-03 00:00:00.0"
"649","5698","F","3303-12-02 00:00:00.0","3365-11-20 00:00:00.0"
"650","17796","F","3009-07-13 00:00:00.0","3044-08-07 00:00:00.0"
"651","23616","F","3162-03-01 00:00:00.0","3241-03-31 00:00:00.0"
"652","4050","F","3062-09-05 00:00:00.0","3138-06-12 00:00:00.0"
"653","27227","F","2919-08-18 00:00:00.0","3012-06-19 00:00:00.0"
"654","27153","F","3245-10-18 00:00:00.0","3280-03-12 00:00:00.0"
"655","26958","F","2967-06-25 00:00:00.0","3055-08-18 00:00:00.0"
"656","11778","F","2939-08-09 00:00:00.0","3006-12-28 00:00:00.0"
"657","7707","F","2469-04-16 00:00:00.0","2556-02-02 00:00:00.0"
"658","22077","F","3256-06-25 00:00:00.0","3335-09-12 00:00:00.0"
"659","22399","F","3274-07-01 00:00:00.0","3355-06-10 00:00:00.0"
"660","30176","F","2728-01-05 00:00:00.0","2777-03-24 00:00:00.0"
"661","23190","F","3264-09-18 00:00:00.0","3339-02-10 00:00:00.0"
"662","4435","F","2478-03-31 00:00:00.0","2555-05-06 00:00:00.0"
"663","9119","F","2965-11-21 00:00:00.0","3043-11-08 00:00:00.0"
"664","32582","F","3046-02-20 00:00:00.0","3106-02-27 00:00:00.0"
"665","28142","F","3053-10-03 00:00:00.0","3133-06-12 00:00:00.0"
"666","20349","F","2628-07-16 00:00:00.0","2680-11-04 00:00:00.0"
"667","18270","F","3148-03-09 00:00:00.0","3224-10-13 00:00:00.0"
"668","1406","F","3306-01-19 00:00:00.0","3391-11-29 00:00:00.0"
"669","15907","F","3064-06-29 00:00:00.0","3120-04-02 00:00:00.0"
"670","11099","F","3225-06-27 00:00:00.0","3309-03-12 00:00:00.0"
"671","24282","F","2672-11-03 00:00:00.0","2733-03-30 00:00:00.0"
"672","26387","F","2555-02-01 00:00:00.0","2634-08-27 00:00:00.0"
"673","1609","F","3144-07-23 00:00:00.0","3224-06-22 00:00:00.0"
"674","10124","F","3152-12-18 00:00:00.0","3236-05-13 00:00:00.0"
"675","20403","F","3026-09-20 00:00:00.0","3071-09-06 00:00:00.0"
"676","4829","F","2782-05-24 00:00:00.0","2822-11-07 00:00:00.0"
"677","6094","F","3119-03-08 00:00:00.0","3200-07-05 00:00:00.0"
"678","32246","F","3314-03-11 00:00:00.0","3382-12-14 00:00:00.0"
"679","22915","F","2892-05-22 00:00:00.0","2950-02-05 00:00:00.0"
"680","17948","F","2815-05-29 00:00:00.0","2898-09-23 00:00:00.0"
"681","5955","F","2828-10-11 00:00:00.0","2884-01-26 00:00:00.0"
"682","20465","F","3251-05-11 00:00:00.0","3330-12-02 00:00:00.0"
"683","32124","F","2853-09-23 00:00:00.0","2939-07-25 00:00:00.0"
"684","25408","F","3126-07-24 00:00:00.0","3215-12-05 00:00:00.0"
"685","32012","F","2847-04-12 00:00:00.0","2933-01-24 00:00:00.0"
"686","2651","F","3106-12-17 00:00:00.0","3192-12-01 00:00:00.0"
"687","1752","F","2992-11-29 00:00:00.0","3055-06-01 00:00:00.0"
"688","19113","F","2635-08-04 00:00:00.0","2690-01-22 00:00:00.0"
"689","14030","F","2805-03-13 00:00:00.0","2897-09-23 00:00:00.0"
"690","31798","F","3286-07-26 00:00:00.0","3330-11-24 00:00:00.0"
"691","31760","F","2854-10-04 00:00:00.0","2937-06-23 00:00:00.0"
"692","22779","F","2681-09-24 00:00:00.0","2768-12-07 00:00:00.0"
"693","6839","F","3002-08-18 00:00:00.0","3082-12-09 00:00:00.0"
"694","7233","F","2473-07-18 00:00:00.0","2559-09-16 00:00:00.0"
"695","12768","F","2899-04-03 00:00:00.0","2922-04-30 00:00:00.0"
"696","21517","F","2716-06-07 00:00:00.0","2802-01-05 00:00:00.0"
"697","7786","F","2775-02-28 00:00:00.0","2847-12-10 00:00:00.0"
"698","30288","F","2516-05-23 00:00:00.0","2591-08-31 00:00:00.0"
"699","15639","F","2548-04-30 00:00:00.0","2629-11-05 00:00:00.0"
"700","29925","F","2950-11-10 00:00:00.0","3021-03-03 00:00:00.0"
"701","11385","F","2956-06-15 00:00:00.0","3039-03-13 00:00:00.0"
"702","29801","F","2713-05-12 00:00:00.0","2789-08-25 00:00:00.0"
"703","2962","F","3348-11-02 00:00:00.0","3429-03-28 00:00:00.0"
"704","10013","F","2477-10-01 00:00:00.0","2564-11-04 00:00:00.0"
"705","24307","F","2555-07-06 00:00:00.0","2643-02-22 00:00:00.0"
"706","9493","F","2657-07-19 00:00:00.0","2715-02-12 00:00:00.0"
"707","25058","F","2772-05-01 00:00:00.0","2833-09-24 00:00:00.0"
"708","11796","F","3274-12-04 00:00:00.0","3332-03-09 00:00:00.0"
"709","8819","F","3238-09-21 00:00:00.0","3315-01-25 00:00:00.0"
"710","21864","F","2756-02-08 00:00:00.0","2839-05-31 00:00:00.0"
"711","17167","F","2949-08-02 00:00:00.0","3025-06-19 00:00:00.0"
"712","18475","F","2566-09-09 00:00:00.0","2587-05-23 00:00:00.0"
"713","17567","F","2657-07-31 00:00:00.0","2728-08-12 00:00:00.0"
"714","10436","F","2684-01-08 00:00:00.0","2764-04-12 00:00:00.0"
"715","17670","F","2868-09-07 00:00:00.0","2924-12-17 00:00:00.0"
"716","14134","F","3100-03-12 00:00:00.0","3193-01-31 00:00:00.0"
"717","19675","F","3076-03-20 00:00:00.0","3112-09-17 00:00:00.0"
"718","1010","F","2620-12-07 00:00:00.0","2688-07-30 00:00:00.0"
"719","14974","F","3320-03-27 00:00:00.0","3399-08-20 00:00:00.0"
"720","174","F","3272-04-20 00:00:00.0","3297-09-27 00:00:00.0"
"721","29018","F","2906-03-23 00:00:00.0","2997-12-07 00:00:00.0"
"722","28972","F","3357-06-17 00:00:00.0","3407-11-01 00:00:00.0"
"723","16930","F","3008-08-14 00:00:00.0","3094-05-29 00:00:00.0"
"724","28819","F","2496-12-02 00:00:00.0","2586-02-19 00:00:00.0"
"725","28780","F","3362-07-20 00:00:00.0","3454-01-21 00:00:00.0"
"726","28653","F","3056-12-28 00:00:00.0","3139-02-01 00:00:00.0"
"727","3913","F","3139-01-26 00:00:00.0","3196-08-21 00:00:00.0"
"728","28542","F","2838-05-30 00:00:00.0","2922-05-23 00:00:00.0"
"729","28498","F","3067-12-17 00:00:00.0","3146-03-20 00:00:00.0"
"730","9924","F","2906-10-17 00:00:00.0","2977-06-13 00:00:00.0"
"731","18557","F","2805-09-04 00:00:00.0","2877-07-18 00:00:00.0"
"732","11710","F","3210-11-15 00:00:00.0","3289-07-01 00:00:00.0"
"733","18668","F","3427-07-25 00:00:00.0","3488-12-26 00:00:00.0"
"734","13127","F","2649-09-25 00:00:00.0","2724-09-06 00:00:00.0"
"735","14168","F","3387-04-02 00:00:00.0","3475-09-22 00:00:00.0"
"736","7407","F","3051-12-22 00:00:00.0","3138-04-06 00:00:00.0"
"737","27506","F","2818-02-25 00:00:00.0","2906-07-20 00:00:00.0"
"738","27492","F","3379-01-13 00:00:00.0","3468-06-18 00:00:00.0"
"739","4479","F","2866-01-18 00:00:00.0","2946-06-18 00:00:00.0"
"740","6594","F","3393-11-12 00:00:00.0","3441-12-25 00:00:00.0"
"741","24082","F","2445-02-19 00:00:00.0","2501-05-01 00:00:00.0"
"742","23596","F","2833-07-29 00:00:00.0","2918-08-10 00:00:00.0"
"743","17675","F","3141-11-12 00:00:00.0","3198-02-17 00:00:00.0"
"744","377","F","2946-08-06 00:00:00.0","3016-03-18 00:00:00.0"
"745","19572","F","2774-12-06 00:00:00.0","2858-01-21 00:00:00.0"
"746","7373","F","2497-06-22 00:00:00.0","2591-08-04 00:00:00.0"
"747","2220","F","2865-08-26 00:00:00.0","2953-02-07 00:00:00.0"
"748","17308","F","2984-05-17 00:00:00.0","3053-05-16 00:00:00.0"
"749","15867","F","2893-10-02 00:00:00.0","2986-01-28 00:00:00.0"
"750","30218","F","2630-01-06 00:00:00.0","2713-07-04 00:00:00.0"
"751","11063","F","3340-01-22 00:00:00.0","3420-01-17 00:00:00.0"
"752","7476","F","3007-05-20 00:00:00.0","3088-07-09 00:00:00.0"
"753","29598","F","2628-06-16 00:00:00.0","2674-06-16 00:00:00.0"
"754","29389","F","3193-06-08 00:00:00.0","3250-07-19 00:00:00.0"
"755","12896","F","2927-12-08 00:00:00.0","3005-05-15 00:00:00.0"
"756","6381","F","2720-09-17 00:00:00.0","2766-06-23 00:00:00.0"
"757","24223","F","2556-03-30 00:00:00.0","2635-08-14 00:00:00.0"
"758","4276","F","3133-07-31 00:00:00.0","3227-09-15 00:00:00.0"
"759","11507","F","3152-12-25 00:00:00.0","3235-08-16 00:00:00.0"
"760","22940","F","3329-08-22 00:00:00.0","3400-07-30 00:00:00.0"
"761","28678","F","2496-08-07 00:00:00.0","2580-11-19 00:00:00.0"
"762","2702","F","2504-10-03 00:00:00.0","2584-11-22 00:00:00.0"
"763","28523","F","2996-09-15 00:00:00.0","3088-05-29 00:00:00.0"
"764","15055","F","2618-07-08 00:00:00.0","2690-07-19 00:00:00.0"
"765","985","F","2543-02-23 00:00:00.0","2636-07-23 00:00:00.0"
"766","1623","F","3187-12-08 00:00:00.0","3267-08-06 00:00:00.0"
"767","16419","F","3247-08-01 00:00:00.0","3314-01-05 00:00:00.0"
"768","13882","F","2655-11-06 00:00:00.0","2725-11-29 00:00:00.0"
"769","13161","F","2508-05-11 00:00:00.0","2586-10-25 00:00:00.0"
"770","13856","F","2556-11-01 00:00:00.0","2633-07-06 00:00:00.0"
"771","9325","F","2551-07-20 00:00:00.0","2615-11-30 00:00:00.0"
"772","26455","F","3304-08-16 00:00:00.0","3383-05-25 00:00:00.0"
"773","8815","F","3071-10-21 00:00:00.0","3141-07-14 00:00:00.0"
"774","25377","F","2903-01-02 00:00:00.0","2990-07-03 00:00:00.0"
"775","40","F","3114-02-28 00:00:00.0","3202-11-11 00:00:00.0"
"776","26287","F","3002-03-22 00:00:00.0","3072-01-08 00:00:00.0"
"777","5275","F","3363-08-06 00:00:00.0","3444-10-06 00:00:00.0"
"778","17269","F","2594-03-08 00:00:00.0","2654-08-25 00:00:00.0"
"779","5239","F","3180-06-08 00:00:00.0","3264-08-25 00:00:00.0"
"780","17751","F","3240-06-01 00:00:00.0","3304-03-02 00:00:00.0"
"781","26412","F","2739-04-08 00:00:00.0","2800-01-06 00:00:00.0"
"782","22818","F","3070-07-06 00:00:00.0","3144-01-26 00:00:00.0"
"783","436","F","3147-02-17 00:00:00.0","3195-07-17 00:00:00.0"
"784","11476","F","2842-05-30 00:00:00.0","2909-11-09 00:00:00.0"
"785","22512","F","2471-05-01 00:00:00.0","2559-01-26 00:00:00.0"
"786","19282","F","2913-10-06 00:00:00.0","3001-02-20 00:00:00.0"
"787","9195","F","2496-09-20 00:00:00.0","2537-03-28 00:00:00.0"
"788","17579","F","2468-02-28 00:00:00.0","2551-08-01 00:00:00.0"
"789","5342","F","2979-02-06 00:00:00.0","3021-04-12 00:00:00.0"
"790","3102","F","3303-02-27 00:00:00.0","3382-08-14 00:00:00.0"
"791","24272","F","3098-09-03 00:00:00.0","3172-10-20 00:00:00.0"
"792","23749","F","2757-10-16 00:00:00.0","2841-01-26 00:00:00.0"
"793","5367","F","3009-01-12 00:00:00.0","3082-03-10 00:00:00.0"
"794","23272","F","3250-03-20 00:00:00.0","3336-08-14 00:00:00.0"
"795","21750","F","3360-05-08 00:00:00.0","3434-12-15 00:00:00.0"
"796","13505","F","3210-07-04 00:00:00.0","3296-08-15 00:00:00.0"
"797","15624","F","3367-08-09 00:00:00.0","3442-06-05 00:00:00.0"
"798","23062","F","3003-02-04 00:00:00.0","3089-05-20 00:00:00.0"
"799","5927","F","2821-02-14 00:00:00.0","2903-08-15 00:00:00.0"
"800","8739","F","2817-10-18 00:00:00.0","2912-08-28 00:00:00.0"
"801","20815","F","2663-05-20 00:00:00.0","2748-08-02 00:00:00.0"
"802","22210","F","2669-06-11 00:00:00.0","2756-09-19 00:00:00.0"
"803","8139","F","2706-03-22 00:00:00.0","2781-04-10 00:00:00.0"
"804","25963","F","2755-06-22 00:00:00.0","2845-01-26 00:00:00.0"
"805","21152","F","2677-08-09 00:00:00.0","2748-06-06 00:00:00.0"
"806","30871","F","2815-05-23 00:00:00.0","2895-08-31 00:00:00.0"
"807","21789","F","2648-09-30 00:00:00.0","2731-08-22 00:00:00.0"
"808","30782","F","3251-08-09 00:00:00.0","3290-10-02 00:00:00.0"
"809","2773","F","3209-07-18 00:00:00.0","3275-10-19 00:00:00.0"
"810","2878","F","2554-04-10 00:00:00.0","2630-01-26 00:00:00.0"
"811","16608","F","2872-12-24 00:00:00.0","2933-03-28 00:00:00.0"
"812","2743","F","2520-03-01 00:00:00.0","2576-04-04 00:00:00.0"
"813","30513","F","3284-01-28 00:00:00.0","3376-08-12 00:00:00.0"
"814","5328","F","2628-03-29 00:00:00.0","2695-11-21 00:00:00.0"
"815","17170","F","3331-03-02 00:00:00.0","3412-09-18 00:00:00.0"
"816","23024","F","3009-11-08 00:00:00.0","3069-10-14 00:00:00.0"
"817","16260","F","2845-01-26 00:00:00.0","2931-04-26 00:00:00.0"
"818","30817","F","3335-07-22 00:00:00.0","3407-11-05 00:00:00.0"
"819","15703","F","3154-10-12 00:00:00.0","3238-11-29 00:00:00.0"
"820","12528","F","2430-03-04 00:00:00.0","2523-12-04 00:00:00.0"
"821","22648","F","3167-06-08 00:00:00.0","3244-12-02 00:00:00.0"
"822","30614","F","3133-10-12 00:00:00.0","3220-02-27 00:00:00.0"
"823","7826","F","2740-03-16 00:00:00.0","2800-12-30 00:00:00.0"
"824","23824","F","3185-08-20 00:00:00.0","3256-11-03 00:00:00.0"
"825","1378","F","3057-05-29 00:00:00.0","3117-06-06 00:00:00.0"
"826","8667","F","3041-08-27 00:00:00.0","3092-09-04 00:00:00.0"
"827","30352","F","2838-07-04 00:00:00.0","2930-12-08 00:00:00.0"
"828","17068","F","2661-07-24 00:00:00.0","2730-01-25 00:00:00.0"
"829","1613","F","3020-02-27 00:00:00.0","3089-03-30 00:00:00.0"
"830","20449","F","2453-09-29 00:00:00.0","2539-10-08 00:00:00.0"
"831","22651","F","3301-07-15 00:00:00.0","3383-01-22 00:00:00.0"
"832","1891","F","2610-11-27 00:00:00.0","2701-11-01 00:00:00.0"
"833","7761","F","2889-11-18 00:00:00.0","2939-10-08 00:00:00.0"
"834","15000","F","2879-03-31 00:00:00.0","2966-09-05 00:00:00.0"
"835","10653","F","2979-06-18 00:00:00.0","3066-04-12 00:00:00.0"
"836","20381","F","3406-02-27 00:00:00.0","3492-12-17 00:00:00.0"
"837","12215","F","2868-03-27 00:00:00.0","2950-01-13 00:00:00.0"
"838","12744","F","3277-04-11 00:00:00.0","3337-12-06 00:00:00.0"
"839","9608","F","3389-07-14 00:00:00.0","3481-11-01 00:00:00.0"
"840","16194","F","2549-04-12 00:00:00.0","2620-12-27 00:00:00.0"
"841","2107","F","2815-06-27 00:00:00.0","2907-12-29 00:00:00.0"
"842","31961","F","3305-11-16 00:00:00.0","3396-11-25 00:00:00.0"
"843","25085","F","2478-02-17 00:00:00.0","2541-04-09 00:00:00.0"
"844","29727","F","3043-09-11 00:00:00.0","3142-10-01 00:00:00.0"
"845","26883","F","2677-07-05 00:00:00.0","2771-03-28 00:00:00.0"
"846","17758","F","3170-03-30 00:00:00.0","3228-12-16 00:00:00.0"
"847","638","F","2584-09-03 00:00:00.0","2669-01-15 00:00:00.0"
"848","4534","F","2936-11-10 00:00:00.0","3023-01-10 00:00:00.0"
"849","14190","F","2636-11-25 00:00:00.0","2679-11-24 00:00:00.0"
"850","21502","F","2829-10-13 00:00:00.0","2886-04-06 00:00:00.0"
"851","21100","F","3217-05-09 00:00:00.0","3290-07-14 00:00:00.0"
"852","25284","F","3405-05-26 00:00:00.0","3485-11-11 00:00:00.0"
"853","31851","F","3397-11-18 00:00:00.0","3485-09-09 00:00:00.0"
"854","16586","F","2496-06-28 00:00:00.0","2585-12-22 00:00:00.0"
"855","7830","F","3277-02-01 00:00:00.0","3362-06-23 00:00:00.0"
"856","15264","F","2558-06-29 00:00:00.0","2645-02-19 00:00:00.0"
"857","28299","F","3278-11-26 00:00:00.0","3365-06-20 00:00:00.0"
"858","10117","F","3269-05-16 00:00:00.0","3335-11-29 00:00:00.0"
"859","23549","F","3014-03-15 00:00:00.0","3088-11-12 00:00:00.0"
"860","17344","F","3108-10-16 00:00:00.0","3171-07-29 00:00:00.0"
"861","7194","F","3307-06-03 00:00:00.0","3307-06-04 00:00:00.0"
"862","766","F","2580-11-05 00:00:00.0","2666-03-30 00:00:00.0"
"863","14542","F","3321-02-14 00:00:00.0","3406-06-24 00:00:00.0"
"864","16847","F","3410-12-29 00:00:00.0","3452-06-26 00:00:00.0"
"865","18137","F","2851-08-16 00:00:00.0","2908-06-22 00:00:00.0"
"866","5520","F","2565-11-23 00:00:00.0","2653-07-10 00:00:00.0"
"867","26308","F","2438-05-17 00:00:00.0","2506-03-31 00:00:00.0"
"868","17298","F","2982-08-05 00:00:00.0","3078-08-02 00:00:00.0"
"869","31742","F","2429-12-02 00:00:00.0","2508-07-26 00:00:00.0"
"870","7519","F","3111-04-20 00:00:00.0","3191-11-01 00:00:00.0"
"871","7420","F","2893-03-29 00:00:00.0","2983-06-04 00:00:00.0"
"872","4122","F","2992-05-22 00:00:00.0","3072-06-07 00:00:00.0"
"873","16037","F","2670-07-30 00:00:00.0","2752-07-28 00:00:00.0"
"874","14860","F","2796-02-12 00:00:00.0","2855-09-26 00:00:00.0"
"875","5988","F","3129-04-22 00:00:00.0","3204-08-07 00:00:00.0"
"876","21721","F","3097-05-09 00:00:00.0","3177-12-07 00:00:00.0"
"877","18180","F","2885-07-10 00:00:00.0","2905-08-07 00:00:00.0"
"878","32714","F","2520-03-30 00:00:00.0","2605-06-01 00:00:00.0"
"879","20663","F","3203-04-25 00:00:00.0","3290-08-12 00:00:00.0"
"880","17564","F","2931-11-16 00:00:00.0","2997-08-02 00:00:00.0"
"881","28863","F","3275-08-11 00:00:00.0","3366-08-17 00:00:00.0"
"882","8475","F","3269-10-23 00:00:00.0","3347-11-08 00:00:00.0"
"883","9229","F","3174-10-26 00:00:00.0","3234-08-10 00:00:00.0"
"884","26630","F","3290-05-22 00:00:00.0","3371-10-16 00:00:00.0"
"885","2695","F","2846-12-21 00:00:00.0","2866-08-18 00:00:00.0"
"886","1059","F","3240-07-22 00:00:00.0","3329-01-19 00:00:00.0"
"887","21589","F","3075-07-01 00:00:00.0","3139-06-28 00:00:00.0"
"888","32779","F","3275-08-22 00:00:00.0","3344-11-18 00:00:00.0"
"889","26215","F","2967-10-26 00:00:00.0","3049-04-27 00:00:00.0"
"890","5808","F","3036-10-23 00:00:00.0","3090-03-25 00:00:00.0"
"891","21362","F","3247-01-26 00:00:00.0","3305-02-27 00:00:00.0"
"892","19685","F","2851-09-02 00:00:00.0","2934-10-26 00:00:00.0"
"893","8980","F","2537-02-13 00:00:00.0","2619-01-29 00:00:00.0"
"894","1938","F","2648-02-29 00:00:00.0","2712-01-02 00:00:00.0"
"895","5889","F","3482-05-16 00:00:00.0","3482-05-17 00:00:00.0"
"896","3800","F","3306-05-01 00:00:00.0","3384-07-13 00:00:00.0"
"897","1835","F","2975-06-29 00:00:00.0","3050-06-24 00:00:00.0"
"898","1744","F","2704-07-01 00:00:00.0","2789-05-19 00:00:00.0"
"899","9368","F","2549-03-24 00:00:00.0","2572-06-04 00:00:00.0"
"900","25766","F","3053-09-16 00:00:00.0","3104-04-03 00:00:00.0"
"901","32200","F","3049-06-18 00:00:00.0","3123-08-28 00:00:00.0"
"902","6331","F","2651-05-04 00:00:00.0","2732-01-01 00:00:00.0"
"903","8934","F","2634-12-08 00:00:00.0","2710-12-25 00:00:00.0"
"904","27507","F","3323-02-27 00:00:00.0","3396-08-15 00:00:00.0"
"905","11523","F","2502-07-26 00:00:00.0","2533-09-29 00:00:00.0"
"906","15395","F","3390-03-13 00:00:00.0","3475-08-26 00:00:00.0"
"907","14725","F","2625-10-01 00:00:00.0","2707-11-01 00:00:00.0"
"908","16877","F","3403-07-18 00:00:00.0","3451-05-17 00:00:00.0"
"909","14451","F","2504-07-10 00:00:00.0","2594-01-02 00:00:00.0"
"910","28238","F","2522-03-14 00:00:00.0","2606-07-22 00:00:00.0"
"911","25017","F","3192-12-28 00:00:00.0","3246-01-22 00:00:00.0"
"912","3773","F","3229-12-16 00:00:00.0","3308-05-12 00:00:00.0"
"913","18736","F","3336-05-19 00:00:00.0","3402-07-16 00:00:00.0"
"914","18791","F","2796-06-05 00:00:00.0","2836-09-25 00:00:00.0"
"915","22189","F","2996-04-01 00:00:00.0","3080-06-16 00:00:00.0"
"916","22539","F","3189-09-19 00:00:00.0","3265-03-22 00:00:00.0"
"917","31820","F","2978-08-07 00:00:00.0","3058-01-21 00:00:00.0"
"918","20327","F","2868-07-12 00:00:00.0","2940-12-27 00:00:00.0"
"919","26673","F","3019-12-29 00:00:00.0","3095-08-27 00:00:00.0"
"920","31730","F","3072-09-16 00:00:00.0","3156-12-15 00:00:00.0"
"921","31711","F","3126-05-15 00:00:00.0","3197-11-12 00:00:00.0"
"922","16892","F","3036-02-07 00:00:00.0","3097-04-19 00:00:00.0"
"923","21730","F","2979-03-24 00:00:00.0","3044-01-30 00:00:00.0"
"924","17970","F","2626-08-05 00:00:00.0","2666-02-02 00:00:00.0"
"925","2332","F","2959-01-11 00:00:00.0","3037-04-22 00:00:00.0"
"926","15496","F","2796-05-30 00:00:00.0","2847-07-17 00:00:00.0"
"927","3235","F","3328-04-05 00:00:00.0","3394-02-15 00:00:00.0"
"928","15558","F","3281-08-30 00:00:00.0","3371-07-12 00:00:00.0"
"929","8127","F","2839-01-22 00:00:00.0","2898-11-03 00:00:00.0"
"930","3020","F","3419-06-17 00:00:00.0","3448-05-09 00:00:00.0"
"931","25341","F","2448-11-05 00:00:00.0","2524-11-23 00:00:00.0"
"932","4422","F","2656-04-05 00:00:00.0","2735-05-17 00:00:00.0"
"933","20646","F","3360-03-17 00:00:00.0","3442-10-01 00:00:00.0"
"934","5836","F","3402-02-24 00:00:00.0","3482-11-12 00:00:00.0"
"935","13423","F","3381-06-05 00:00:00.0","3467-01-05 00:00:00.0"
"936","8067","F","2922-10-23 00:00:00.0","3009-04-08 00:00:00.0"
"937","3006","F","2882-08-21 00:00:00.0","2957-12-31 00:00:00.0"
"938","18038","F","2783-08-04 00:00:00.0","2843-10-27 00:00:00.0"
"939","21488","F","3351-10-28 00:00:00.0","3445-02-07 00:00:00.0"
"940","31241","F","2913-07-22 00:00:00.0","2966-07-25 00:00:00.0"
"941","25433","F","3250-02-26 00:00:00.0","3338-11-14 00:00:00.0"
"942","4657","F","2628-08-28 00:00:00.0","2705-12-26 00:00:00.0"
"943","23268","F","2670-06-17 00:00:00.0","2754-09-20 00:00:00.0"
"944","31132","F","3247-11-25 00:00:00.0","3306-02-21 00:00:00.0"
"945","14628","F","2658-01-17 00:00:00.0","2748-10-14 00:00:00.0"
"946","18253","F","3424-08-19 00:00:00.0","3479-05-01 00:00:00.0"
"947","15418","F","2738-07-05 00:00:00.0","2815-07-09 00:00:00.0"
"948","7272","F","2628-03-29 00:00:00.0","2699-01-08 00:00:00.0"
"949","27051","F","2737-12-29 00:00:00.0","2831-02-02 00:00:00.0"
"950","19233","F","3375-07-18 00:00:00.0","3462-01-21 00:00:00.0"
"951","4200","F","3300-05-10 00:00:00.0","3377-01-10 00:00:00.0"
"952","15767","F","3179-04-16 00:00:00.0","3260-12-01 00:00:00.0"
"953","8769","F","2957-12-05 00:00:00.0","3040-02-22 00:00:00.0"
"954","14339","F","2986-05-05 00:00:00.0","2986-05-11 00:00:00.0"
"955","28974","F","3125-11-10 00:00:00.0","3196-10-19 00:00:00.0"
"956","28889","F","2494-12-25 00:00:00.0","2562-10-30 00:00:00.0"
"957","28746","F","2491-10-17 00:00:00.0","2570-07-04 00:00:00.0"
"958","2953","F","3223-06-05 00:00:00.0","3264-09-01 00:00:00.0"
"959","28146","F","3431-10-22 00:00:00.0","3492-02-24 00:00:00.0"
"960","28100","F","3319-06-19 00:00:00.0","3406-06-12 00:00:00.0"
"961","28062","F","2596-07-12 00:00:00.0","2644-02-25 00:00:00.0"
"962","15602","F","2588-10-09 00:00:00.0","2664-10-15 00:00:00.0"
"963","4836","F","2437-08-31 00:00:00.0","2520-03-14 00:00:00.0"
"964","30165","F","3308-01-13 00:00:00.0","3369-03-27 00:00:00.0"
"965","15952","F","3341-04-20 00:00:00.0","3391-01-05 00:00:00.0"
"966","4336","F","3336-11-17 00:00:00.0","3429-09-15 00:00:00.0"
"967","29626","F","2922-07-11 00:00:00.0","2972-09-08 00:00:00.0"
"968","29514","F","3381-01-17 00:00:00.0","3428-03-29 00:00:00.0"
"969","311","F","3191-12-16 00:00:00.0","3261-09-09 00:00:00.0"
"970","7860","F","2849-04-13 00:00:00.0","2890-09-26 00:00:00.0"
"971","29333","F","3011-09-29 00:00:00.0","3081-04-06 00:00:00.0"
"972","9240","F","2776-01-12 00:00:00.0","2870-12-21 00:00:00.0"
"973","6825","F","3080-01-13 00:00:00.0","3135-03-31 00:00:00.0"
"974","11804","F","3383-10-14 00:00:00.0","3449-05-07 00:00:00.0"
"975","6656","F","2537-06-23 00:00:00.0","2593-01-29 00:00:00.0"
"976","2809","F","2610-07-23 00:00:00.0","2695-10-25 00:00:00.0"
"977","6065","F","2721-02-13 00:00:00.0","2793-05-24 00:00:00.0"
"978","12512","F","3325-08-15 00:00:00.0","3411-01-17 00:00:00.0"
"979","13747","F","2804-06-22 00:00:00.0","2887-10-08 00:00:00.0"
"980","10642","F","3192-01-23 00:00:00.0","3251-04-07 00:00:00.0"
"981","24891","F","3183-04-26 00:00:00.0","3274-03-21 00:00:00.0"
"982","11494","F","2684-11-30 00:00:00.0","2735-06-20 00:00:00.0"
"983","26112","F","2510-01-15 00:00:00.0","2601-05-24 00:00:00.0"
"984","12030","F","2612-10-24 00:00:00.0","2693-04-30 00:00:00.0"
"985","16329","F","2630-01-26 00:00:00.0","2699-11-03 00:00:00.0"
"986","19669","F","3274-06-12 00:00:00.0","3345-10-14 00:00:00.0"
"987","14135","F","3066-06-27 00:00:00.0","3142-11-26 00:00:00.0"
"988","17634","F","3130-09-01 00:00:00.0","3189-02-12 00:00:00.0"
"989","15436","F","3229-04-03 00:00:00.0","3311-02-06 00:00:00.0"
"990","27716","F","2635-11-09 00:00:00.0","2731-11-14 00:00:00.0"
"991","14965","F","3077-01-01 00:00:00.0","3159-10-30 00:00:00.0"
"992","25029","F","3217-09-05 00:00:00.0","3305-12-24 00:00:00.0"
"993","24915","F","2643-05-31 00:00:00.0","2697-02-24 00:00:00.0"
"994","27602","F","2448-09-03 00:00:00.0","2532-09-30 00:00:00.0"
"995","27573","F","2655-10-13 00:00:00.0","2719-07-10 00:00:00.0"
"996","12938","F","3043-07-12 00:00:00.0","3088-04-19 00:00:00.0"
"997","430","F","2742-09-15 00:00:00.0","2820-10-13 00:00:00.0"
"998","10651","F","2961-03-20 00:00:00.0","3043-08-14 00:00:00.0"
"999","22841","F","2981-09-22 00:00:00.0","3072-09-17 00:00:00.0"
"1000","5077","F","3137-11-05 00:00:00.0","3215-12-05 00:00:00.0"
