"1","21122","M","2906-06-21 00:00:00.0","2977-03-27 00:00:00.0"
"2","26353","M","2767-02-06 00:00:00.0","2830-02-28 00:00:00.0"
"3","14585","M","3252-12-21 00:00:00.0","3293-07-22 00:00:00.0"
"4","3469","M","2835-06-17 00:00:00.0","2876-09-18 00:00:00.0"
"5","106","M","2957-12-16 00:00:00.0","2993-07-31 00:00:00.0"
"6","1113","M","2627-12-08 00:00:00.0","2674-03-19 00:00:00.0"
"7","23748","M","2497-04-11 00:00:00.0","2546-03-15 00:00:00.0"
"8","27730","M","2714-08-22 00:00:00.0","2796-11-24 00:00:00.0"
"9","21995","M","2908-09-05 00:00:00.0","2934-05-28 00:00:00.0"
"10","21216","M","3154-09-20 00:00:00.0","3216-01-01 00:00:00.0"
"11","12607","M","2933-08-20 00:00:00.0","2979-11-17 00:00:00.0"
"12","25283","M","3346-06-18 00:00:00.0","3406-04-19 00:00:00.0"
"13","12754","M","2903-06-26 00:00:00.0","2941-04-11 00:00:00.0"
"14","13890","M","3167-10-14 00:00:00.0","3199-08-23 00:00:00.0"
"15","16129","M","3313-02-22 00:00:00.0","3400-01-07 00:00:00.0"
"16","24697","M","3363-07-09 00:00:00.0","3408-11-04 00:00:00.0"
"17","6964","M","2493-05-28 00:00:00.0","2567-11-08 00:00:00.0"
"18","5768","M","2793-08-21 00:00:00.0","2879-02-07 00:00:00.0"
"19","29132","M","3401-01-25 00:00:00.0","3490-06-06 00:00:00.0"
"20","29151","M","3016-02-12 00:00:00.0","3099-09-03 00:00:00.0"
"21","4107","M","2882-05-07 00:00:00.0","2972-05-29 00:00:00.0"
"22","12752","M","3209-08-28 00:00:00.0","3291-03-03 00:00:00.0"
"23","9999","M","3320-03-05 00:00:00.0","3364-01-03 00:00:00.0"
"24","23258","M","2874-07-15 00:00:00.0","2951-09-28 00:00:00.0"
"25","8364","M","3009-05-23 00:00:00.0","3055-12-24 00:00:00.0"
"26","22083","M","2732-11-11 00:00:00.0","2822-05-25 00:00:00.0"
"27","10482","M","2828-10-18 00:00:00.0","2896-08-02 00:00:00.0"
"28","22724","M","2941-11-21 00:00:00.0","3016-05-27 00:00:00.0"
"29","5072","M","2991-07-11 00:00:00.0","3036-09-20 00:00:00.0"
"30","2690","M","3159-02-27 00:00:00.0","3206-04-26 00:00:00.0"
"31","22916","M","2607-12-10 00:00:00.0","2683-04-03 00:00:00.0"
"32","29324","M","3319-10-14 00:00:00.0","3364-06-07 00:00:00.0"
"33","19855","M","2633-07-20 00:00:00.0","2725-12-30 00:00:00.0"
"34","10568","M","2919-03-21 00:00:00.0","3003-04-28 00:00:00.0"
"35","4594","M","2838-10-14 00:00:00.0","2891-11-11 00:00:00.0"
"36","20742","M","2997-02-16 00:00:00.0","3081-07-15 00:00:00.0"
"37","17828","M","2431-10-14 00:00:00.0","2506-08-29 00:00:00.0"
"38","12844","M","2897-05-05 00:00:00.0","2953-04-10 00:00:00.0"
"39","636","M","3100-03-21 00:00:00.0","3182-11-14 00:00:00.0"
"40","29715","M","3441-11-25 00:00:00.0","3441-11-27 00:00:00.0"
"41","29903","M","3087-06-23 00:00:00.0","3149-11-20 00:00:00.0"
"42","9","M","2943-02-28 00:00:00.0","2984-12-17 00:00:00.0"
"43","10366","M","2493-02-09 00:00:00.0","2579-08-01 00:00:00.0"
"44","356","M","3174-11-09 00:00:00.0","3233-10-10 00:00:00.0"
"45","14358","M","3244-12-03 00:00:00.0","3339-03-31 00:00:00.0"
"46","16159","M","2624-02-28 00:00:00.0","2713-03-24 00:00:00.0"
"47","6933","M","3319-03-14 00:00:00.0","3355-11-29 00:00:00.0"
"48","3673","M","3331-02-19 00:00:00.0","3403-03-28 00:00:00.0"
"49","28327","M","2624-10-29 00:00:00.0","2712-10-12 00:00:00.0"
"50","10552","M","2959-11-15 00:00:00.0","3035-10-07 00:00:00.0"
"51","19736","M","3408-03-30 00:00:00.0","3468-03-09 00:00:00.0"
"52","5966","M","2740-01-19 00:00:00.0","2810-12-19 00:00:00.0"
"53","28896","M","2906-06-01 00:00:00.0","2972-02-25 00:00:00.0"
"54","28927","M","2990-10-26 00:00:00.0","3067-06-04 00:00:00.0"
"55","29070","M","3216-08-20 00:00:00.0","3300-03-18 00:00:00.0"
"56","25449","M","3116-11-21 00:00:00.0","3185-05-31 00:00:00.0"
"57","26838","M","2573-11-13 00:00:00.0","2654-08-03 00:00:00.0"
"58","9077","M","2734-08-22 00:00:00.0","2775-03-02 00:00:00.0"
"59","22723","M","3350-08-26 00:00:00.0","3410-03-16 00:00:00.0"
"60","21380","M","3386-06-05 00:00:00.0","3470-09-01 00:00:00.0"
"61","705","M","3246-01-18 00:00:00.0","3314-11-23 00:00:00.0"
"62","7728","M","3441-12-14 00:00:00.0","3491-04-16 00:00:00.0"
"63","26184","M","2588-03-28 00:00:00.0","2653-10-18 00:00:00.0"
"64","27023","M","2915-08-18 00:00:00.0","2982-01-02 00:00:00.0"
"65","27056","M","2818-07-26 00:00:00.0","2895-12-31 00:00:00.0"
"66","1652","M","3329-04-24 00:00:00.0","3411-02-01 00:00:00.0"
"67","27255","M","3410-03-06 00:00:00.0","3487-10-19 00:00:00.0"
"68","17722","M","2675-09-12 00:00:00.0","2765-03-13 00:00:00.0"
"69","30951","M","2894-09-23 00:00:00.0","2958-12-12 00:00:00.0"
"70","7600","M","3416-11-29 00:00:00.0","3471-10-24 00:00:00.0"
"71","26164","M","2990-01-07 00:00:00.0","3075-12-04 00:00:00.0"
"72","10101","M","2560-07-13 00:00:00.0","2633-03-20 00:00:00.0"
"73","26121","M","3022-07-24 00:00:00.0","3098-05-29 00:00:00.0"
"74","4791","M","3034-02-01 00:00:00.0","3057-04-27 00:00:00.0"
"75","18590","M","3168-01-22 00:00:00.0","3219-09-02 00:00:00.0"
"76","25304","M","2863-08-13 00:00:00.0","2918-01-25 00:00:00.0"
"77","12330","M","3426-03-28 00:00:00.0","3475-02-26 00:00:00.0"
"78","17006","M","2936-05-14 00:00:00.0","2991-02-12 00:00:00.0"
"79","25841","M","3240-08-03 00:00:00.0","3307-03-23 00:00:00.0"
"80","31341","M","3162-06-05 00:00:00.0","3223-09-09 00:00:00.0"
"81","5557","M","2832-04-24 00:00:00.0","2885-03-24 00:00:00.0"
"82","18317","M","3005-06-17 00:00:00.0","3059-03-29 00:00:00.0"
"83","17683","M","2498-04-19 00:00:00.0","2593-04-12 00:00:00.0"
"84","31394","M","2647-02-16 00:00:00.0","2713-10-02 00:00:00.0"
"85","7045","M","2893-05-07 00:00:00.0","2965-03-01 00:00:00.0"
"86","23096","M","2675-11-27 00:00:00.0","2733-05-20 00:00:00.0"
"87","20603","M","2475-08-24 00:00:00.0","2556-12-01 00:00:00.0"
"88","31512","M","3064-01-26 00:00:00.0","3117-07-25 00:00:00.0"
"89","5886","M","2767-01-10 00:00:00.0","2821-04-16 00:00:00.0"
"90","7282","M","2927-07-08 00:00:00.0","3010-07-28 00:00:00.0"
"91","7894","M","2674-11-16 00:00:00.0","2744-11-27 00:00:00.0"
"92","21699","M","2563-11-17 00:00:00.0","2664-03-04 00:00:00.0"
"93","22263","M","2580-05-09 00:00:00.0","2580-05-10 00:00:00.0"
"94","22218","M","3116-04-28 00:00:00.0","3200-05-21 00:00:00.0"
"95","9883","M","2535-04-13 00:00:00.0","2615-07-08 00:00:00.0"
"96","6735","M","3411-03-02 00:00:00.0","3489-07-23 00:00:00.0"
"97","13491","M","3356-06-26 00:00:00.0","3418-02-18 00:00:00.0"
"98","22693","M","2463-05-24 00:00:00.0","2533-02-13 00:00:00.0"
"99","11858","M","3368-10-03 00:00:00.0","3399-01-21 00:00:00.0"
"100","24623","M","2755-05-15 00:00:00.0","2819-09-23 00:00:00.0"
"101","25749","M","3039-07-22 00:00:00.0","3108-09-01 00:00:00.0"
"102","31993","M","3391-06-07 00:00:00.0","3480-12-24 00:00:00.0"
"103","26665","M","2584-11-05 00:00:00.0","2665-11-01 00:00:00.0"
"104","23547","M","3297-11-17 00:00:00.0","3381-04-22 00:00:00.0"
"105","24198","M","2641-10-04 00:00:00.0","2725-10-15 00:00:00.0"
"106","16149","M","3308-05-12 00:00:00.0","3373-04-27 00:00:00.0"
"107","8940","M","3001-01-11 00:00:00.0","3054-05-10 00:00:00.0"
"108","32763","M","2645-04-10 00:00:00.0","2724-07-09 00:00:00.0"
"109","9908","M","2744-12-24 00:00:00.0","2812-12-29 00:00:00.0"
"110","843","M","2736-05-12 00:00:00.0","2781-11-10 00:00:00.0"
"111","27944","M","2745-02-22 00:00:00.0","2812-08-29 00:00:00.0"
"112","20045","M","3295-06-22 00:00:00.0","3348-11-29 00:00:00.0"
"113","275","M","2669-07-24 00:00:00.0","2751-10-05 00:00:00.0"
"114","8196","M","2699-08-27 00:00:00.0","2770-04-30 00:00:00.0"
"115","26984","M","2911-05-10 00:00:00.0","2955-09-22 00:00:00.0"
"116","12322","M","2612-04-27 00:00:00.0","2703-09-05 00:00:00.0"
"117","10549","M","2570-01-12 00:00:00.0","2654-01-30 00:00:00.0"
"118","17302","M","2513-12-03 00:00:00.0","2605-02-23 00:00:00.0"
"119","9936","M","3063-08-15 00:00:00.0","3149-12-20 00:00:00.0"
"120","21927","M","3387-05-14 00:00:00.0","3457-11-05 00:00:00.0"
"121","32497","M","3078-03-04 00:00:00.0","3146-07-05 00:00:00.0"
"122","24334","M","2463-11-11 00:00:00.0","2513-01-10 00:00:00.0"
"123","18760","M","2793-09-30 00:00:00.0","2867-01-23 00:00:00.0"
"124","1537","M","3304-12-29 00:00:00.0","3379-11-26 00:00:00.0"
"125","466","M","2916-10-11 00:00:00.0","3012-02-11 00:00:00.0"
"126","9145","M","3403-10-02 00:00:00.0","3476-06-19 00:00:00.0"
"127","22058","M","2787-09-06 00:00:00.0","2849-05-21 00:00:00.0"
"128","2683","M","3336-06-08 00:00:00.0","3381-06-14 00:00:00.0"
"129","3071","M","3361-01-21 00:00:00.0","3361-01-29 00:00:00.0"
"130","12916","M","2964-01-26 00:00:00.0","3041-12-19 00:00:00.0"
"131","32476","M","2571-03-20 00:00:00.0","2628-06-18 00:00:00.0"
"132","32489","M","2839-08-24 00:00:00.0","2883-09-20 00:00:00.0"
"133","9478","M","3375-07-22 00:00:00.0","3442-08-20 00:00:00.0"
"134","21166","M","2920-10-16 00:00:00.0","2970-02-23 00:00:00.0"
"135","559","M","3252-11-28 00:00:00.0","3291-12-25 00:00:00.0"
"136","3849","M","2820-02-11 00:00:00.0","2874-04-27 00:00:00.0"
"137","4305","M","3339-03-03 00:00:00.0","3418-06-13 00:00:00.0"
"138","24422","M","3098-06-12 00:00:00.0","3187-01-13 00:00:00.0"
"139","29152","M","3101-03-05 00:00:00.0","3156-08-26 00:00:00.0"
"140","8311","M","2678-07-26 00:00:00.0","2741-05-19 00:00:00.0"
"141","826","M","2854-09-07 00:00:00.0","2935-01-06 00:00:00.0"
"142","4076","M","2649-12-26 00:00:00.0","2700-03-13 00:00:00.0"
"143","30861","M","3393-04-26 00:00:00.0","3426-10-24 00:00:00.0"
"144","7532","M","3060-09-16 00:00:00.0","3097-12-23 00:00:00.0"
"145","8128","M","2683-11-15 00:00:00.0","2770-04-29 00:00:00.0"
"146","30405","M","2799-06-04 00:00:00.0","2865-09-29 00:00:00.0"
"147","31251","M","2750-05-01 00:00:00.0","2834-08-28 00:00:00.0"
"148","26583","M","3123-04-06 00:00:00.0","3214-12-29 00:00:00.0"
"149","5506","M","2710-10-29 00:00:00.0","2794-09-18 00:00:00.0"
"150","18723","M","3036-11-08 00:00:00.0","3094-05-13 00:00:00.0"
"151","32356","M","3112-11-24 00:00:00.0","3174-04-12 00:00:00.0"
"152","10518","M","3108-10-23 00:00:00.0","3166-09-04 00:00:00.0"
"153","9302","M","2697-07-20 00:00:00.0","2777-07-17 00:00:00.0"
"154","6334","M","3430-08-29 00:00:00.0","3501-01-29 00:00:00.0"
"155","6206","M","2558-03-19 00:00:00.0","2594-01-07 00:00:00.0"
"156","5596","M","3397-11-09 00:00:00.0","3447-03-11 00:00:00.0"
"157","26214","M","2564-01-09 00:00:00.0","2623-01-27 00:00:00.0"
"158","15124","M","2790-10-06 00:00:00.0","2870-09-22 00:00:00.0"
"159","10453","M","3236-04-08 00:00:00.0","3266-08-16 00:00:00.0"
"160","31605","M","3381-04-17 00:00:00.0","3463-02-16 00:00:00.0"
"161","10987","M","2969-11-03 00:00:00.0","3045-04-07 00:00:00.0"
"162","22549","M","3188-07-09 00:00:00.0","3278-06-07 00:00:00.0"
"163","18174","M","2824-12-31 00:00:00.0","2909-10-22 00:00:00.0"
"164","11100","M","2629-12-10 00:00:00.0","2722-05-01 00:00:00.0"
"165","1334","M","2704-08-08 00:00:00.0","2704-08-09 00:00:00.0"
"166","32060","M","2815-08-14 00:00:00.0","2888-03-14 00:00:00.0"
"167","32142","M","2984-07-16 00:00:00.0","3050-08-06 00:00:00.0"
"168","4516","M","2823-05-14 00:00:00.0","2900-02-27 00:00:00.0"
"169","24593","M","3020-03-09 00:00:00.0","3098-05-19 00:00:00.0"
"170","14302","M","2668-12-08 00:00:00.0","2724-02-14 00:00:00.0"
"171","1060","M","2578-11-01 00:00:00.0","2667-09-13 00:00:00.0"
"172","8369","M","2884-12-19 00:00:00.0","2948-04-03 00:00:00.0"
"173","8697","M","3379-04-07 00:00:00.0","3405-07-15 00:00:00.0"
"174","1940","M","2642-11-10 00:00:00.0","2732-11-20 00:00:00.0"
"175","30974","M","3053-11-20 00:00:00.0","3139-06-18 00:00:00.0"
"176","25040","M","2627-02-24 00:00:00.0","2719-03-14 00:00:00.0"
"177","1114","M","3005-06-25 00:00:00.0","3064-12-23 00:00:00.0"
"178","2570","M","2532-06-17 00:00:00.0","2588-05-01 00:00:00.0"
"179","30184","M","2511-09-05 00:00:00.0","2575-03-29 00:00:00.0"
"180","17060","M","3346-12-09 00:00:00.0","3431-01-10 00:00:00.0"
"181","22134","M","3347-07-14 00:00:00.0","3414-02-05 00:00:00.0"
"182","28283","M","3128-12-29 00:00:00.0","3194-09-02 00:00:00.0"
"183","30383","M","2571-11-26 00:00:00.0","2653-08-03 00:00:00.0"
"184","11091","M","3410-07-11 00:00:00.0","3448-10-15 00:00:00.0"
"185","26643","M","3018-07-16 00:00:00.0","3088-09-17 00:00:00.0"
"186","405","M","2442-06-24 00:00:00.0","2528-03-10 00:00:00.0"
"187","15851","M","2581-02-17 00:00:00.0","2581-02-18 00:00:00.0"
"188","4324","M","3266-01-25 00:00:00.0","3333-09-21 00:00:00.0"
"189","23157","M","2808-08-31 00:00:00.0","2884-12-15 00:00:00.0"
"190","8565","M","3121-04-24 00:00:00.0","3203-01-05 00:00:00.0"
"191","6809","M","2439-08-15 00:00:00.0","2526-12-19 00:00:00.0"
"192","22657","M","3401-06-09 00:00:00.0","3486-09-18 00:00:00.0"
"193","3971","M","3286-12-01 00:00:00.0","3355-10-29 00:00:00.0"
"194","30851","M","2789-06-06 00:00:00.0","2859-08-09 00:00:00.0"
"195","23051","M","3173-06-08 00:00:00.0","3262-10-28 00:00:00.0"
"196","18101","M","2725-02-18 00:00:00.0","2806-01-22 00:00:00.0"
"197","30588","M","2961-01-16 00:00:00.0","3039-03-01 00:00:00.0"
"198","8481","M","3231-08-20 00:00:00.0","3299-03-13 00:00:00.0"
"199","6112","M","2732-03-19 00:00:00.0","2802-03-20 00:00:00.0"
"200","5205","M","3325-03-07 00:00:00.0","3394-04-12 00:00:00.0"
"201","23407","M","2568-08-22 00:00:00.0","2591-03-09 00:00:00.0"
"202","15461","M","2800-09-16 00:00:00.0","2877-09-03 00:00:00.0"
"203","15631","M","2897-02-01 00:00:00.0","2977-12-22 00:00:00.0"
"204","7847","M","3129-05-26 00:00:00.0","3176-06-12 00:00:00.0"
"205","11503","M","2787-02-06 00:00:00.0","2824-04-29 00:00:00.0"
"206","8637","M","3104-04-05 00:00:00.0","3193-03-12 00:00:00.0"
"207","30919","M","2960-01-12 00:00:00.0","3036-12-24 00:00:00.0"
"208","20023","M","3210-10-09 00:00:00.0","3298-10-26 00:00:00.0"
"209","23317","M","2484-06-03 00:00:00.0","2538-09-04 00:00:00.0"
"210","21413","M","3307-01-04 00:00:00.0","3391-04-15 00:00:00.0"
"211","977","M","2799-04-30 00:00:00.0","2881-03-06 00:00:00.0"
"212","3184","M","3285-06-22 00:00:00.0","3329-02-24 00:00:00.0"
"213","1785","M","2478-07-22 00:00:00.0","2552-02-05 00:00:00.0"
"214","4544","M","3084-10-05 00:00:00.0","3141-07-10 00:00:00.0"
"215","3463","M","3164-06-05 00:00:00.0","3247-03-20 00:00:00.0"
"216","17599","M","2481-03-28 00:00:00.0","2552-10-06 00:00:00.0"
"217","14705","M","3396-05-07 00:00:00.0","3474-03-18 00:00:00.0"
"218","25871","M","2688-02-25 00:00:00.0","2771-05-08 00:00:00.0"
"219","10258","M","3320-02-25 00:00:00.0","3376-07-25 00:00:00.0"
"220","27648","M","2491-03-09 00:00:00.0","2573-06-18 00:00:00.0"
"221","27711","M","3332-08-24 00:00:00.0","3404-09-24 00:00:00.0"
"222","24157","M","3294-05-14 00:00:00.0","3371-05-02 00:00:00.0"
"223","22794","M","3091-02-17 00:00:00.0","3160-05-27 00:00:00.0"
"224","27802","M","2449-08-27 00:00:00.0","2540-08-24 00:00:00.0"
"225","22672","M","3070-01-24 00:00:00.0","3137-02-06 00:00:00.0"
"226","12310","M","3217-06-12 00:00:00.0","3285-09-02 00:00:00.0"
"227","6018","M","2862-04-20 00:00:00.0","2941-07-13 00:00:00.0"
"228","3798","M","3233-01-13 00:00:00.0","3319-10-06 00:00:00.0"
"229","15974","M","2774-12-16 00:00:00.0","2836-03-05 00:00:00.0"
"230","12403","M","3002-10-15 00:00:00.0","3073-04-06 00:00:00.0"
"231","17660","M","2501-05-10 00:00:00.0","2585-05-21 00:00:00.0"
"232","5494","M","3180-11-08 00:00:00.0","3269-10-19 00:00:00.0"
"233","2638","M","2608-03-18 00:00:00.0","2686-11-15 00:00:00.0"
"234","18277","M","2605-08-08 00:00:00.0","2678-03-29 00:00:00.0"
"235","23231","M","2512-11-12 00:00:00.0","2565-09-27 00:00:00.0"
"236","10094","M","2405-06-25 00:00:00.0","2504-04-07 00:00:00.0"
"237","21775","M","3280-04-12 00:00:00.0","3360-08-23 00:00:00.0"
"238","8818","M","2859-10-06 00:00:00.0","2881-11-01 00:00:00.0"
"239","15231","M","2677-12-24 00:00:00.0","2755-10-27 00:00:00.0"
"240","5391","M","2451-07-31 00:00:00.0","2514-07-01 00:00:00.0"
"241","8156","M","2458-03-24 00:00:00.0","2534-11-18 00:00:00.0"
"242","20827","M","2573-03-31 00:00:00.0","2650-08-24 00:00:00.0"
"243","9839","M","3243-01-29 00:00:00.0","3335-05-14 00:00:00.0"
"244","14250","M","2788-08-18 00:00:00.0","2855-11-30 00:00:00.0"
"245","11106","M","2943-08-16 00:00:00.0","2985-04-21 00:00:00.0"
"246","12691","M","3247-04-27 00:00:00.0","3284-07-01 00:00:00.0"
"247","17574","M","2961-03-14 00:00:00.0","3030-09-19 00:00:00.0"
"248","1822","M","3218-07-12 00:00:00.0","3304-08-28 00:00:00.0"
"249","11825","M","2810-04-26 00:00:00.0","2854-08-14 00:00:00.0"
"250","23600","M","3270-07-22 00:00:00.0","3336-04-09 00:00:00.0"
"251","12226","M","2922-03-08 00:00:00.0","2976-03-29 00:00:00.0"
"252","24834","M","3161-04-21 00:00:00.0","3209-04-11 00:00:00.0"
"253","23614","M","3296-06-26 00:00:00.0","3336-02-13 00:00:00.0"
"254","29769","M","2582-09-23 00:00:00.0","2638-05-02 00:00:00.0"
"255","25086","M","2566-12-30 00:00:00.0","2647-10-20 00:00:00.0"
"256","7683","M","3374-06-10 00:00:00.0","3450-04-18 00:00:00.0"
"257","8385","M","2964-08-10 00:00:00.0","3020-11-22 00:00:00.0"
"258","9137","M","2815-09-18 00:00:00.0","2900-05-16 00:00:00.0"
"259","31556","M","2815-08-10 00:00:00.0","2867-06-22 00:00:00.0"
"260","14910","M","3033-08-03 00:00:00.0","3033-08-04 00:00:00.0"
"261","9482","M","2473-11-01 00:00:00.0","2543-03-05 00:00:00.0"
"262","6152","M","3140-07-12 00:00:00.0","3222-01-19 00:00:00.0"
"263","24188","M","2950-02-23 00:00:00.0","2985-07-01 00:00:00.0"
"264","15108","M","3057-11-03 00:00:00.0","3147-11-06 00:00:00.0"
"265","5959","M","2787-01-03 00:00:00.0","2853-04-10 00:00:00.0"
"266","19331","M","2635-02-17 00:00:00.0","2689-07-23 00:00:00.0"
"267","25111","M","2458-08-10 00:00:00.0","2514-04-17 00:00:00.0"
"268","12537","M","3314-04-10 00:00:00.0","3393-09-03 00:00:00.0"
"269","26979","M","2905-08-24 00:00:00.0","2982-10-11 00:00:00.0"
"270","27109","M","3032-11-04 00:00:00.0","3061-07-09 00:00:00.0"
"271","27196","M","3324-06-23 00:00:00.0","3412-04-17 00:00:00.0"
"272","11614","M","2642-04-17 00:00:00.0","2707-02-04 00:00:00.0"
"273","18951","M","2468-12-15 00:00:00.0","2510-08-17 00:00:00.0"
"274","23760","M","2522-09-11 00:00:00.0","2592-08-15 00:00:00.0"
"275","27352","M","2459-02-12 00:00:00.0","2544-03-10 00:00:00.0"
"276","20276","M","3101-07-12 00:00:00.0","3154-09-02 00:00:00.0"
"277","14905","M","2852-08-18 00:00:00.0","2932-03-11 00:00:00.0"
"278","12","M","2803-05-14 00:00:00.0","2875-10-09 00:00:00.0"
"279","9312","M","2585-02-21 00:00:00.0","2660-12-16 00:00:00.0"
"280","6016","M","2794-11-13 00:00:00.0","2865-08-15 00:00:00.0"
"281","28686","M","3191-06-09 00:00:00.0","3253-11-16 00:00:00.0"
"282","28726","M","3337-09-11 00:00:00.0","3406-08-28 00:00:00.0"
"283","22358","M","3427-08-01 00:00:00.0","3479-07-07 00:00:00.0"
"284","18605","M","2888-04-23 00:00:00.0","2940-12-21 00:00:00.0"
"285","16426","M","2490-10-17 00:00:00.0","2585-02-27 00:00:00.0"
"286","9136","M","2497-07-24 00:00:00.0","2579-09-11 00:00:00.0"
"287","391","M","2689-08-07 00:00:00.0","2773-11-09 00:00:00.0"
"288","22070","M","3175-10-18 00:00:00.0","3268-06-17 00:00:00.0"
"289","24390","M","2867-03-02 00:00:00.0","2925-04-12 00:00:00.0"
"290","61","M","3297-10-27 00:00:00.0","3353-02-09 00:00:00.0"
"291","29140","M","2441-03-22 00:00:00.0","2513-07-12 00:00:00.0"
"292","2071","M","3373-10-18 00:00:00.0","3452-06-17 00:00:00.0"
"293","669","M","3341-11-13 00:00:00.0","3402-08-25 00:00:00.0"
"294","1676","M","3419-09-28 00:00:00.0","3496-05-30 00:00:00.0"
"295","15159","M","2933-01-12 00:00:00.0","2965-10-06 00:00:00.0"
"296","1371","M","2881-08-10 00:00:00.0","2953-03-21 00:00:00.0"
"297","21954","M","2571-03-16 00:00:00.0","2634-03-15 00:00:00.0"
"298","20113","M","3193-03-28 00:00:00.0","3244-08-01 00:00:00.0"
"299","3201","M","2563-04-13 00:00:00.0","2638-05-03 00:00:00.0"
"300","16145","M","2831-06-23 00:00:00.0","2929-08-22 00:00:00.0"
"301","3133","M","3237-12-08 00:00:00.0","3281-04-01 00:00:00.0"
"302","20968","M","2490-02-02 00:00:00.0","2571-03-02 00:00:00.0"
"303","2647","M","3433-11-12 00:00:00.0","3480-02-23 00:00:00.0"
"304","21554","M","2511-03-03 00:00:00.0","2594-08-31 00:00:00.0"
"305","24152","M","3134-03-02 00:00:00.0","3202-06-18 00:00:00.0"
"306","13885","M","3015-04-28 00:00:00.0","3104-01-05 00:00:00.0"
"307","14338","M","2706-06-04 00:00:00.0","2755-06-22 00:00:00.0"
"308","5812","M","2747-07-27 00:00:00.0","2830-09-07 00:00:00.0"
"309","10579","M","2769-07-05 00:00:00.0","2865-04-02 00:00:00.0"
"310","11155","M","3427-05-19 00:00:00.0","3491-01-27 00:00:00.0"
"311","16949","M","2611-12-05 00:00:00.0","2667-03-19 00:00:00.0"
"312","30135","M","2878-10-12 00:00:00.0","2931-04-02 00:00:00.0"
"313","18076","M","3049-03-22 00:00:00.0","3104-02-26 00:00:00.0"
"314","26645","M","2664-04-05 00:00:00.0","2734-05-12 00:00:00.0"
"315","23322","M","3182-12-17 00:00:00.0","3248-10-09 00:00:00.0"
"316","31757","M","2429-04-07 00:00:00.0","2509-02-24 00:00:00.0"
"317","21431","M","3273-05-23 00:00:00.0","3333-04-05 00:00:00.0"
"318","5174","M","2701-07-09 00:00:00.0","2760-08-04 00:00:00.0"
"319","3213","M","2467-04-11 00:00:00.0","2551-08-09 00:00:00.0"
"320","6637","M","2485-09-22 00:00:00.0","2564-10-20 00:00:00.0"
"321","5874","M","3002-04-26 00:00:00.0","3085-07-17 00:00:00.0"
"322","14709","M","3332-02-03 00:00:00.0","3424-05-05 00:00:00.0"
"323","32401","M","2726-02-19 00:00:00.0","2801-12-27 00:00:00.0"
"324","17322","M","3431-01-24 00:00:00.0","3490-10-30 00:00:00.0"
"325","13338","M","2686-08-20 00:00:00.0","2760-09-07 00:00:00.0"
"326","25952","M","2612-02-27 00:00:00.0","2640-12-14 00:00:00.0"
"327","1924","M","3097-10-25 00:00:00.0","3174-09-17 00:00:00.0"
"328","24321","M","3014-01-02 00:00:00.0","3099-01-20 00:00:00.0"
"329","16523","M","2848-06-22 00:00:00.0","2906-06-05 00:00:00.0"
"330","24432","M","3221-08-12 00:00:00.0","3301-10-12 00:00:00.0"
"331","2225","M","2588-02-22 00:00:00.0","2654-12-09 00:00:00.0"
"332","24470","M","2644-12-19 00:00:00.0","2724-11-23 00:00:00.0"
"333","1242","M","2897-09-08 00:00:00.0","2951-08-31 00:00:00.0"
"334","20264","M","2559-06-08 00:00:00.0","2559-06-09 00:00:00.0"
"335","4152","M","2531-01-21 00:00:00.0","2605-11-19 00:00:00.0"
"336","15566","M","2470-03-15 00:00:00.0","2542-01-24 00:00:00.0"
"337","30388","M","3111-05-18 00:00:00.0","3144-10-11 00:00:00.0"
"338","1389","M","2757-11-11 00:00:00.0","2837-06-09 00:00:00.0"
"339","14947","M","3369-11-07 00:00:00.0","3433-11-08 00:00:00.0"
"340","13367","M","2677-06-03 00:00:00.0","2736-09-07 00:00:00.0"
"341","3369","M","2603-08-20 00:00:00.0","2634-03-03 00:00:00.0"
"342","4622","M","2967-09-14 00:00:00.0","3046-04-15 00:00:00.0"
"343","30991","M","2698-10-25 00:00:00.0","2768-07-14 00:00:00.0"
"344","27436","M","2962-12-28 00:00:00.0","3039-03-14 00:00:00.0"
"345","8485","M","3364-04-18 00:00:00.0","3441-12-16 00:00:00.0"
"346","17166","M","3384-01-21 00:00:00.0","3430-07-05 00:00:00.0"
"347","11740","M","3068-02-23 00:00:00.0","3102-02-06 00:00:00.0"
"348","30044","M","2619-04-15 00:00:00.0","2707-01-03 00:00:00.0"
"349","819","M","3378-12-29 00:00:00.0","3450-09-11 00:00:00.0"
"350","20612","M","3205-12-03 00:00:00.0","3277-07-22 00:00:00.0"
"351","112","M","2471-04-02 00:00:00.0","2565-07-04 00:00:00.0"
"352","1052","M","3057-04-23 00:00:00.0","3139-06-24 00:00:00.0"
"353","30488","M","3144-04-22 00:00:00.0","3223-04-07 00:00:00.0"
"354","14191","M","2785-07-11 00:00:00.0","2852-06-25 00:00:00.0"
"355","22436","M","2620-05-11 00:00:00.0","2710-12-25 00:00:00.0"
"356","13396","M","2671-09-17 00:00:00.0","2747-11-29 00:00:00.0"
"357","9776","M","2918-03-18 00:00:00.0","2968-08-17 00:00:00.0"
"358","28687","M","3040-09-01 00:00:00.0","3118-12-15 00:00:00.0"
"359","10185","M","2692-10-06 00:00:00.0","2773-07-08 00:00:00.0"
"360","28946","M","2689-12-02 00:00:00.0","2768-07-10 00:00:00.0"
"361","29071","M","3323-11-15 00:00:00.0","3406-03-17 00:00:00.0"
"362","12849","M","2819-05-10 00:00:00.0","2869-02-26 00:00:00.0"
"363","3428","M","3000-10-16 00:00:00.0","3069-10-18 00:00:00.0"
"364","13325","M","3383-09-15 00:00:00.0","3450-12-24 00:00:00.0"
"365","19588","M","2935-07-30 00:00:00.0","3025-03-09 00:00:00.0"
"366","26671","M","3267-01-23 00:00:00.0","3327-05-13 00:00:00.0"
"367","18888","M","3004-11-14 00:00:00.0","3046-01-20 00:00:00.0"
"368","15648","M","2730-01-11 00:00:00.0","2815-02-10 00:00:00.0"
"369","24003","M","2513-10-13 00:00:00.0","2573-01-04 00:00:00.0"
"370","22498","M","2817-10-26 00:00:00.0","2896-07-26 00:00:00.0"
"371","1944","M","2517-05-26 00:00:00.0","2572-05-09 00:00:00.0"
"372","31137","M","2731-08-28 00:00:00.0","2782-05-12 00:00:00.0"
"373","5707","M","2781-03-15 00:00:00.0","2831-07-23 00:00:00.0"
"374","29592","M","3265-05-27 00:00:00.0","3350-07-09 00:00:00.0"
"375","8645","M","2775-12-19 00:00:00.0","2837-06-26 00:00:00.0"
"376","10692","M","3331-03-24 00:00:00.0","3420-06-15 00:00:00.0"
"377","31844","M","3189-10-19 00:00:00.0","3189-10-21 00:00:00.0"
"378","1919","M","2751-12-11 00:00:00.0","2842-08-04 00:00:00.0"
"379","20097","M","3200-09-18 00:00:00.0","3285-01-08 00:00:00.0"
"380","10064","M","2731-05-05 00:00:00.0","2800-03-29 00:00:00.0"
"381","30694","M","2796-01-12 00:00:00.0","2855-06-07 00:00:00.0"
"382","19489","M","3028-01-07 00:00:00.0","3109-01-07 00:00:00.0"
"383","8658","M","2937-04-26 00:00:00.0","3021-02-06 00:00:00.0"
"384","3013","M","3367-12-11 00:00:00.0","3434-02-20 00:00:00.0"
"385","25516","M","2535-11-04 00:00:00.0","2596-12-28 00:00:00.0"
"386","31864","M","2740-08-13 00:00:00.0","2817-09-02 00:00:00.0"
"387","10664","M","3379-10-27 00:00:00.0","3445-08-05 00:00:00.0"
"388","1039","M","3063-10-05 00:00:00.0","3147-04-05 00:00:00.0"
"389","11999","M","2531-09-10 00:00:00.0","2568-09-18 00:00:00.0"
"390","141","M","3209-05-04 00:00:00.0","3289-11-09 00:00:00.0"
"391","17393","M","2503-06-07 00:00:00.0","2578-05-02 00:00:00.0"
"392","4700","M","2638-11-15 00:00:00.0","2703-07-08 00:00:00.0"
"393","19032","M","2667-08-01 00:00:00.0","2723-09-18 00:00:00.0"
"394","26376","M","3395-12-26 00:00:00.0","3478-11-19 00:00:00.0"
"395","2532","M","2602-01-17 00:00:00.0","2602-01-20 00:00:00.0"
"396","29761","M","2660-01-30 00:00:00.0","2689-03-29 00:00:00.0"
"397","17136","M","2861-02-21 00:00:00.0","2917-04-19 00:00:00.0"
"398","27239","M","2729-02-01 00:00:00.0","2785-10-20 00:00:00.0"
"399","26550","M","3107-05-01 00:00:00.0","3187-10-07 00:00:00.0"
"400","17538","M","3269-01-11 00:00:00.0","3345-03-15 00:00:00.0"
"401","13151","M","2850-07-07 00:00:00.0","2931-10-27 00:00:00.0"
"402","24019","M","3033-09-13 00:00:00.0","3097-01-28 00:00:00.0"
"403","6865","M","2897-04-21 00:00:00.0","2948-08-27 00:00:00.0"
"404","28629","M","2926-12-03 00:00:00.0","2979-10-20 00:00:00.0"
"405","24621","M","2923-05-05 00:00:00.0","3002-12-07 00:00:00.0"
"406","25925","M","2681-07-30 00:00:00.0","2745-12-20 00:00:00.0"
"407","14472","M","2465-10-15 00:00:00.0","2544-01-23 00:00:00.0"
"408","12412","M","2797-10-08 00:00:00.0","2849-06-13 00:00:00.0"
"409","10822","M","3261-01-03 00:00:00.0","3332-02-20 00:00:00.0"
"410","175","M","2568-12-24 00:00:00.0","2662-02-08 00:00:00.0"
"411","23095","M","2496-12-18 00:00:00.0","2552-03-01 00:00:00.0"
"412","27900","M","2680-10-17 00:00:00.0","2768-06-23 00:00:00.0"
"413","23497","M","3419-02-07 00:00:00.0","3485-09-27 00:00:00.0"
"414","23985","M","3194-05-08 00:00:00.0","3270-06-15 00:00:00.0"
"415","14816","M","3301-02-18 00:00:00.0","3378-06-14 00:00:00.0"
"416","3099","M","2431-03-22 00:00:00.0","2514-06-28 00:00:00.0"
"417","28251","M","3381-11-26 00:00:00.0","3462-08-13 00:00:00.0"
"418","4652","M","3379-04-18 00:00:00.0","3456-09-12 00:00:00.0"
"419","9905","M","2500-12-05 00:00:00.0","2566-01-26 00:00:00.0"
"420","14629","M","2474-01-15 00:00:00.0","2542-07-19 00:00:00.0"
"421","25879","M","3308-09-02 00:00:00.0","3357-04-29 00:00:00.0"
"422","3764","M","3056-01-30 00:00:00.0","3082-05-03 00:00:00.0"
"423","24065","M","2901-09-20 00:00:00.0","2987-02-24 00:00:00.0"
"424","24015","M","3091-08-30 00:00:00.0","3132-04-03 00:00:00.0"
"425","4217","M","3030-01-01 00:00:00.0","3102-05-01 00:00:00.0"
"426","5369","M","2958-08-22 00:00:00.0","3032-05-26 00:00:00.0"
"427","1982","M","2626-06-23 00:00:00.0","2686-08-27 00:00:00.0"
"428","19055","M","3267-07-09 00:00:00.0","3331-04-20 00:00:00.0"
"429","17457","M","2830-12-24 00:00:00.0","2905-10-15 00:00:00.0"
"430","12819","M","3121-09-27 00:00:00.0","3199-06-13 00:00:00.0"
"431","20134","M","2514-04-07 00:00:00.0","2587-03-15 00:00:00.0"
"432","11923","M","2605-07-08 00:00:00.0","2655-04-19 00:00:00.0"
"433","22235","M","2856-07-16 00:00:00.0","2905-08-14 00:00:00.0"
"434","1901","M","2466-08-17 00:00:00.0","2549-01-29 00:00:00.0"
"435","10200","M","2661-06-21 00:00:00.0","2735-04-10 00:00:00.0"
"436","15277","M","3338-07-11 00:00:00.0","3394-03-29 00:00:00.0"
"437","2478","M","2985-04-16 00:00:00.0","3041-04-21 00:00:00.0"
"438","10093","M","2557-09-26 00:00:00.0","2645-02-13 00:00:00.0"
"439","15747","M","3358-05-11 00:00:00.0","3429-11-06 00:00:00.0"
"440","18460","M","3357-02-13 00:00:00.0","3415-01-25 00:00:00.0"
"441","14579","M","3113-06-13 00:00:00.0","3182-07-09 00:00:00.0"
"442","5786","M","2771-08-12 00:00:00.0","2828-09-14 00:00:00.0"
"443","17461","M","2882-09-24 00:00:00.0","2943-10-02 00:00:00.0"
"444","18617","M","3217-02-02 00:00:00.0","3309-04-24 00:00:00.0"
"445","26922","M","3053-02-06 00:00:00.0","3105-07-21 00:00:00.0"
"446","16361","M","2875-01-17 00:00:00.0","2953-06-01 00:00:00.0"
"447","4914","M","2543-06-12 00:00:00.0","2614-02-05 00:00:00.0"
"448","26700","M","3079-08-28 00:00:00.0","3120-12-10 00:00:00.0"
"449","2788","M","2895-10-21 00:00:00.0","2961-11-08 00:00:00.0"
"450","18006","M","3101-10-06 00:00:00.0","3130-06-03 00:00:00.0"
"451","11577","M","3198-01-09 00:00:00.0","3234-11-20 00:00:00.0"
"452","31339","M","2662-12-02 00:00:00.0","2711-10-28 00:00:00.0"
"453","23502","M","2968-05-24 00:00:00.0","3015-07-02 00:00:00.0"
"454","12487","M","2677-12-29 00:00:00.0","2736-04-01 00:00:00.0"
"455","18093","M","3406-03-11 00:00:00.0","3406-04-17 00:00:00.0"
"456","24534","M","3404-11-17 00:00:00.0","3484-09-05 00:00:00.0"
"457","6718","M","3060-07-22 00:00:00.0","3101-07-23 00:00:00.0"
"458","14276","M","2863-08-02 00:00:00.0","2908-08-05 00:00:00.0"
"459","23427","M","2557-10-03 00:00:00.0","2612-12-07 00:00:00.0"
"460","24582","M","2831-05-15 00:00:00.0","2925-12-19 00:00:00.0"
"461","8239","M","3146-12-30 00:00:00.0","3226-02-06 00:00:00.0"
"462","771","M","3015-03-07 00:00:00.0","3085-09-08 00:00:00.0"
"463","23292","M","3360-06-14 00:00:00.0","3423-04-22 00:00:00.0"
"464","3474","M","3326-04-27 00:00:00.0","3371-05-02 00:00:00.0"
"465","8314","M","2581-03-28 00:00:00.0","2663-10-22 00:00:00.0"
"466","12971","M","2926-08-10 00:00:00.0","2926-08-14 00:00:00.0"
"467","31705","M","2952-11-11 00:00:00.0","3037-09-04 00:00:00.0"
"468","17688","M","2591-12-16 00:00:00.0","2669-11-13 00:00:00.0"
"469","561","M","2974-08-27 00:00:00.0","3038-09-07 00:00:00.0"
"470","12677","M","2670-10-18 00:00:00.0","2751-02-13 00:00:00.0"
"471","718","M","2915-06-25 00:00:00.0","2980-11-25 00:00:00.0"
"472","28728","M","2642-05-15 00:00:00.0","2668-08-02 00:00:00.0"
"473","25638","M","2686-10-15 00:00:00.0","2765-06-17 00:00:00.0"
"474","22980","M","3145-12-08 00:00:00.0","3184-08-24 00:00:00.0"
"475","29080","M","2725-05-20 00:00:00.0","2810-02-03 00:00:00.0"
"476","18468","M","3309-09-06 00:00:00.0","3375-06-22 00:00:00.0"
"477","4871","M","2559-09-27 00:00:00.0","2617-08-01 00:00:00.0"
"478","3558","M","2744-11-24 00:00:00.0","2831-03-02 00:00:00.0"
"479","17907","M","2885-05-17 00:00:00.0","2915-09-24 00:00:00.0"
"480","4956","M","3243-10-20 00:00:00.0","3288-11-15 00:00:00.0"
"481","8718","M","2622-01-20 00:00:00.0","2706-04-26 00:00:00.0"
"482","5097","M","3362-01-01 00:00:00.0","3424-06-15 00:00:00.0"
"483","8066","M","3371-03-22 00:00:00.0","3443-04-10 00:00:00.0"
"484","26578","M","2470-08-18 00:00:00.0","2536-01-30 00:00:00.0"
"485","27455","M","3307-03-28 00:00:00.0","3375-07-11 00:00:00.0"
"486","8696","M","2575-01-23 00:00:00.0","2658-10-20 00:00:00.0"
"487","17905","M","3305-01-01 00:00:00.0","3396-09-05 00:00:00.0"
"488","16567","M","2617-06-18 00:00:00.0","2698-04-01 00:00:00.0"
"489","16619","M","2915-10-26 00:00:00.0","2993-07-21 00:00:00.0"
"490","4587","M","2669-07-18 00:00:00.0","2742-05-07 00:00:00.0"
"491","15156","M","2438-01-20 00:00:00.0","2520-07-02 00:00:00.0"
"492","24634","M","2426-11-28 00:00:00.0","2520-12-11 00:00:00.0"
"493","950","M","3297-12-30 00:00:00.0","3391-04-15 00:00:00.0"
"494","21033","M","3090-07-07 00:00:00.0","3159-01-21 00:00:00.0"
"495","719","M","3333-07-07 00:00:00.0","3416-09-05 00:00:00.0"
"496","7668","M","2991-08-14 00:00:00.0","3075-07-18 00:00:00.0"
"497","9787","M","2560-08-16 00:00:00.0","2621-06-10 00:00:00.0"
"498","21434","M","2729-06-10 00:00:00.0","2796-11-16 00:00:00.0"
"499","8100","M","2743-12-29 00:00:00.0","2804-07-28 00:00:00.0"
"500","28124","M","3223-04-21 00:00:00.0","3272-05-17 00:00:00.0"
"501","11949","M","2536-07-31 00:00:00.0","2620-10-31 00:00:00.0"
"502","26476","M","3220-10-14 00:00:00.0","3280-02-21 00:00:00.0"
"503","6873","M","2652-08-28 00:00:00.0","2711-02-15 00:00:00.0"
"504","13309","M","2890-04-12 00:00:00.0","2948-09-30 00:00:00.0"
"505","28361","M","3401-02-04 00:00:00.0","3478-10-16 00:00:00.0"
"506","3563","M","3044-04-19 00:00:00.0","3094-12-21 00:00:00.0"
"507","28497","M","2670-07-04 00:00:00.0","2728-04-30 00:00:00.0"
"508","28556","M","2473-01-16 00:00:00.0","2553-06-05 00:00:00.0"
"509","2564","M","2835-04-11 00:00:00.0","2922-03-24 00:00:00.0"
"510","12650","M","3102-07-01 00:00:00.0","3188-05-04 00:00:00.0"
"511","21828","M","2929-04-28 00:00:00.0","2966-04-25 00:00:00.0"
"512","25368","M","2716-08-29 00:00:00.0","2801-01-19 00:00:00.0"
"513","10173","M","2635-07-07 00:00:00.0","2666-02-09 00:00:00.0"
"514","984","M","3285-05-28 00:00:00.0","3354-03-19 00:00:00.0"
"515","26174","M","3112-08-23 00:00:00.0","3162-01-21 00:00:00.0"
"516","10337","M","3335-07-09 00:00:00.0","3418-12-23 00:00:00.0"
"517","12739","M","2926-08-25 00:00:00.0","3008-06-01 00:00:00.0"
"518","8829","M","2473-12-14 00:00:00.0","2564-09-10 00:00:00.0"
"519","15963","M","3315-07-01 00:00:00.0","3381-03-01 00:00:00.0"
"520","29853","M","2642-12-07 00:00:00.0","2717-09-07 00:00:00.0"
"521","18260","M","3122-06-05 00:00:00.0","3193-08-25 00:00:00.0"
"522","2180","M","3107-01-25 00:00:00.0","3187-12-28 00:00:00.0"
"523","14659","M","2635-08-03 00:00:00.0","2705-11-25 00:00:00.0"
"524","30282","M","3383-09-16 00:00:00.0","3472-08-23 00:00:00.0"
"525","101","M","2964-09-09 00:00:00.0","3046-12-02 00:00:00.0"
"526","30549","M","2872-04-13 00:00:00.0","2965-06-25 00:00:00.0"
"527","16141","M","3146-06-26 00:00:00.0","3190-03-21 00:00:00.0"
"528","15250","M","3290-03-11 00:00:00.0","3354-08-29 00:00:00.0"
"529","7962","M","3383-12-11 00:00:00.0","3383-12-26 00:00:00.0"
"530","14486","M","2783-11-30 00:00:00.0","2857-03-08 00:00:00.0"
"531","12212","M","3235-06-02 00:00:00.0","3317-08-02 00:00:00.0"
"532","21575","M","2867-01-17 00:00:00.0","2925-03-26 00:00:00.0"
"533","25279","M","2504-10-21 00:00:00.0","2504-10-21 00:00:00.0"
"534","12089","M","3088-07-29 00:00:00.0","3158-04-20 00:00:00.0"
"535","4498","M","3088-09-29 00:00:00.0","3154-04-15 00:00:00.0"
"536","24560","M","3424-05-06 00:00:00.0","3474-11-30 00:00:00.0"
"537","10059","M","2995-01-16 00:00:00.0","3064-09-10 00:00:00.0"
"538","5850","M","2483-03-26 00:00:00.0","2571-12-28 00:00:00.0"
"539","3437","M","3238-06-03 00:00:00.0","3287-01-28 00:00:00.0"
"540","10391","M","3395-12-08 00:00:00.0","3454-11-25 00:00:00.0"
"541","7237","M","3201-07-31 00:00:00.0","3260-03-06 00:00:00.0"
"542","20904","M","3090-07-27 00:00:00.0","3165-04-13 00:00:00.0"
"543","24756","M","3030-09-22 00:00:00.0","3089-10-06 00:00:00.0"
"544","16679","M","2708-04-20 00:00:00.0","2791-03-31 00:00:00.0"
"545","3232","M","3203-08-20 00:00:00.0","3261-04-05 00:00:00.0"
"546","4754","M","2584-01-14 00:00:00.0","2674-08-12 00:00:00.0"
"547","9202","M","2983-07-24 00:00:00.0","3044-04-20 00:00:00.0"
"548","23211","M","2815-06-28 00:00:00.0","2890-03-11 00:00:00.0"
"549","27331","M","2848-11-25 00:00:00.0","2915-12-21 00:00:00.0"
"550","24386","M","2795-08-01 00:00:00.0","2859-09-17 00:00:00.0"
"551","3015","M","3154-08-31 00:00:00.0","3208-06-01 00:00:00.0"
"552","1790","M","3215-10-25 00:00:00.0","3301-01-10 00:00:00.0"
"553","17659","M","3422-07-31 00:00:00.0","3501-07-26 00:00:00.0"
"554","13843","M","2742-09-01 00:00:00.0","2828-06-02 00:00:00.0"
"555","22143","M","3121-11-11 00:00:00.0","3205-03-04 00:00:00.0"
"556","23437","M","3339-12-21 00:00:00.0","3398-08-01 00:00:00.0"
"557","15365","M","2458-01-29 00:00:00.0","2510-09-29 00:00:00.0"
"558","8208","M","3128-11-12 00:00:00.0","3204-11-30 00:00:00.0"
"559","14116","M","3221-12-26 00:00:00.0","3305-11-21 00:00:00.0"
"560","3921","M","2951-09-03 00:00:00.0","3041-10-06 00:00:00.0"
"561","19373","M","2511-11-07 00:00:00.0","2579-04-08 00:00:00.0"
"562","9040","M","2736-12-23 00:00:00.0","2825-10-06 00:00:00.0"
"563","905","M","3024-10-09 00:00:00.0","3085-09-10 00:00:00.0"
"564","24427","M","2793-04-05 00:00:00.0","2860-10-06 00:00:00.0"
"565","3614","M","2545-02-20 00:00:00.0","2630-02-25 00:00:00.0"
"566","2944","M","2992-04-10 00:00:00.0","3068-01-04 00:00:00.0"
"567","21046","M","2508-03-02 00:00:00.0","2576-09-12 00:00:00.0"
"568","10500","M","2582-05-16 00:00:00.0","2666-01-25 00:00:00.0"
"569","29311","M","2811-06-07 00:00:00.0","2876-12-08 00:00:00.0"
"570","14818","M","2972-09-23 00:00:00.0","3044-04-29 00:00:00.0"
"571","9621","M","3120-08-07 00:00:00.0","3213-12-26 00:00:00.0"
"572","10306","M","2625-12-22 00:00:00.0","2680-03-24 00:00:00.0"
"573","20456","M","3424-04-15 00:00:00.0","3481-12-17 00:00:00.0"
"574","25894","M","2513-09-26 00:00:00.0","2598-02-08 00:00:00.0"
"575","17360","M","2612-08-31 00:00:00.0","2612-09-08 00:00:00.0"
"576","13715","M","2616-12-05 00:00:00.0","2696-04-27 00:00:00.0"
"577","10159","M","2808-07-09 00:00:00.0","2892-12-06 00:00:00.0"
"578","20220","M","2586-01-15 00:00:00.0","2670-02-28 00:00:00.0"
"579","9469","M","3443-01-07 00:00:00.0","3495-06-09 00:00:00.0"
"580","10019","M","2626-07-05 00:00:00.0","2675-05-31 00:00:00.0"
"581","2362","M","2438-09-01 00:00:00.0","2512-03-22 00:00:00.0"
"582","13735","M","2447-02-22 00:00:00.0","2527-05-18 00:00:00.0"
"583","29161","M","3299-02-18 00:00:00.0","3339-07-22 00:00:00.0"
"584","26856","M","2670-04-04 00:00:00.0","2718-10-03 00:00:00.0"
"585","5713","M","3190-12-10 00:00:00.0","3266-11-14 00:00:00.0"
"586","25014","M","2816-08-30 00:00:00.0","2833-08-07 00:00:00.0"
"587","9768","M","3260-11-21 00:00:00.0","3338-04-09 00:00:00.0"
"588","1832","M","3057-04-29 00:00:00.0","3141-05-29 00:00:00.0"
"589","15275","M","3358-11-15 00:00:00.0","3430-04-30 00:00:00.0"
"590","18403","M","3131-07-28 00:00:00.0","3217-08-16 00:00:00.0"
"591","11167","M","3425-05-01 00:00:00.0","3474-03-28 00:00:00.0"
"592","8332","M","2505-06-26 00:00:00.0","2585-10-18 00:00:00.0"
"593","29839","M","2940-05-28 00:00:00.0","2985-09-06 00:00:00.0"
"594","4884","M","3357-12-27 00:00:00.0","3433-07-31 00:00:00.0"
"595","30053","M","2597-09-13 00:00:00.0","2676-12-03 00:00:00.0"
"596","3879","M","3039-05-30 00:00:00.0","3121-12-09 00:00:00.0"
"597","22861","M","2824-01-11 00:00:00.0","2904-01-01 00:00:00.0"
"598","6938","M","2528-03-28 00:00:00.0","2599-08-23 00:00:00.0"
"599","23070","M","2999-05-08 00:00:00.0","3078-02-01 00:00:00.0"
"600","30158","M","3226-03-26 00:00:00.0","3257-03-03 00:00:00.0"
"601","16805","M","2786-01-17 00:00:00.0","2863-10-13 00:00:00.0"
"602","19262","M","2953-07-30 00:00:00.0","2984-05-12 00:00:00.0"
"603","2270","M","2554-09-22 00:00:00.0","2629-10-30 00:00:00.0"
"604","23045","M","2796-02-11 00:00:00.0","2852-08-09 00:00:00.0"
"605","32627","M","2699-08-04 00:00:00.0","2788-11-14 00:00:00.0"
"606","30667","M","2696-10-12 00:00:00.0","2758-03-25 00:00:00.0"
"607","10990","M","2912-04-28 00:00:00.0","3001-02-17 00:00:00.0"
"608","2172","M","2936-05-30 00:00:00.0","2970-09-27 00:00:00.0"
"609","3853","M","2923-04-03 00:00:00.0","3004-10-03 00:00:00.0"
"610","13183","M","3186-07-01 00:00:00.0","3255-06-05 00:00:00.0"
"611","5289","M","2924-11-22 00:00:00.0","3007-10-09 00:00:00.0"
"612","11555","M","2595-07-10 00:00:00.0","2688-06-22 00:00:00.0"
"613","490","M","2671-11-12 00:00:00.0","2758-12-05 00:00:00.0"
"614","17083","M","3220-12-06 00:00:00.0","3294-06-03 00:00:00.0"
"615","834","M","3097-07-22 00:00:00.0","3173-10-19 00:00:00.0"
"616","9293","M","3023-08-12 00:00:00.0","3095-12-29 00:00:00.0"
"617","8810","M","3192-12-02 00:00:00.0","3270-04-22 00:00:00.0"
"618","32712","M","2555-04-21 00:00:00.0","2626-04-21 00:00:00.0"
"619","17848","M","3253-06-08 00:00:00.0","3323-04-28 00:00:00.0"
"620","9412","M","2687-09-01 00:00:00.0","2752-04-28 00:00:00.0"
"621","21852","M","3431-09-04 00:00:00.0","3485-04-21 00:00:00.0"
"622","27058","M","2520-01-23 00:00:00.0","2603-12-09 00:00:00.0"
"623","27122","M","2989-07-17 00:00:00.0","3070-08-06 00:00:00.0"
"624","8099","M","3360-04-15 00:00:00.0","3418-08-30 00:00:00.0"
"625","10582","M","2546-02-15 00:00:00.0","2546-02-19 00:00:00.0"
"626","24605","M","3062-01-14 00:00:00.0","3114-10-17 00:00:00.0"
"627","14625","M","2487-03-04 00:00:00.0","2565-10-02 00:00:00.0"
"628","16830","M","2843-12-10 00:00:00.0","2929-12-17 00:00:00.0"
"629","3841","M","2965-05-09 00:00:00.0","3031-04-10 00:00:00.0"
"630","28936","M","2873-02-27 00:00:00.0","2943-06-22 00:00:00.0"
"631","2800","M","2589-05-31 00:00:00.0","2669-06-17 00:00:00.0"
"632","2121","M","2896-12-07 00:00:00.0","2974-09-29 00:00:00.0"
"633","25245","M","3280-10-03 00:00:00.0","3355-07-22 00:00:00.0"
"634","12713","M","3146-06-11 00:00:00.0","3232-01-26 00:00:00.0"
"635","2061","M","2508-04-27 00:00:00.0","2592-01-01 00:00:00.0"
"636","25432","M","2759-07-20 00:00:00.0","2828-11-13 00:00:00.0"
"637","29534","M","3329-07-28 00:00:00.0","3413-05-01 00:00:00.0"
"638","29663","M","2445-06-21 00:00:00.0","2505-08-16 00:00:00.0"
"639","2904","M","3001-07-26 00:00:00.0","3062-05-03 00:00:00.0"
"640","1782","M","3109-01-13 00:00:00.0","3181-09-25 00:00:00.0"
"641","18447","M","2584-10-08 00:00:00.0","2656-02-18 00:00:00.0"
"642","24703","M","2745-02-11 00:00:00.0","2804-02-27 00:00:00.0"
"643","23412","M","2534-07-29 00:00:00.0","2603-01-17 00:00:00.0"
"644","22270","M","3209-05-21 00:00:00.0","3271-07-09 00:00:00.0"
"645","18529","M","2459-11-11 00:00:00.0","2505-12-08 00:00:00.0"
"646","26749","M","3008-01-15 00:00:00.0","3097-06-13 00:00:00.0"
"647","20330","M","3012-07-11 00:00:00.0","3086-03-01 00:00:00.0"
"648","2882","M","2490-02-16 00:00:00.0","2584-04-17 00:00:00.0"
"649","9614","M","3244-06-27 00:00:00.0","3301-12-27 00:00:00.0"
"650","15421","M","3236-08-29 00:00:00.0","3315-04-05 00:00:00.0"
"651","25845","M","2558-02-06 00:00:00.0","2558-02-08 00:00:00.0"
"652","17657","M","3253-07-29 00:00:00.0","3333-01-11 00:00:00.0"
"653","16216","M","2625-08-09 00:00:00.0","2703-04-17 00:00:00.0"
"654","11779","M","3335-09-15 00:00:00.0","3381-12-14 00:00:00.0"
"655","5102","M","2876-11-03 00:00:00.0","2946-04-04 00:00:00.0"
"656","24067","M","3231-07-06 00:00:00.0","3311-01-15 00:00:00.0"
"657","17231","M","3344-08-16 00:00:00.0","3412-03-10 00:00:00.0"
"658","27080","M","2571-10-23 00:00:00.0","2625-05-16 00:00:00.0"
"659","27120","M","2452-09-16 00:00:00.0","2546-08-17 00:00:00.0"
"660","14982","M","3010-04-01 00:00:00.0","3068-05-20 00:00:00.0"
"661","2553","M","2994-11-05 00:00:00.0","3040-10-29 00:00:00.0"
"662","20846","M","2493-08-19 00:00:00.0","2570-05-17 00:00:00.0"
"663","11764","M","2751-10-31 00:00:00.0","2831-11-17 00:00:00.0"
"664","2538","M","2950-02-23 00:00:00.0","3017-07-24 00:00:00.0"
"665","27497","M","3405-06-22 00:00:00.0","3405-06-23 00:00:00.0"
"666","12531","M","3067-04-16 00:00:00.0","3144-03-09 00:00:00.0"
"667","21905","M","2807-12-16 00:00:00.0","2826-09-15 00:00:00.0"
"668","15353","M","2892-10-30 00:00:00.0","2954-06-02 00:00:00.0"
"669","10465","M","2888-06-07 00:00:00.0","2931-07-19 00:00:00.0"
"670","22094","M","2532-10-25 00:00:00.0","2600-05-26 00:00:00.0"
"671","6832","M","3119-02-16 00:00:00.0","3183-06-16 00:00:00.0"
"672","24577","M","2578-06-15 00:00:00.0","2670-12-14 00:00:00.0"
"673","21521","M","2655-04-06 00:00:00.0","2737-06-06 00:00:00.0"
"674","27807","M","2597-04-18 00:00:00.0","2650-08-22 00:00:00.0"
"675","4666","M","2756-07-08 00:00:00.0","2847-03-27 00:00:00.0"
"676","22283","M","3174-11-21 00:00:00.0","3234-05-16 00:00:00.0"
"677","27912","M","2502-12-18 00:00:00.0","2547-08-29 00:00:00.0"
"678","743","M","2912-05-30 00:00:00.0","2989-01-30 00:00:00.0"
"679","22834","M","2693-08-28 00:00:00.0","2755-04-05 00:00:00.0"
"680","10254","M","2884-01-14 00:00:00.0","2970-12-30 00:00:00.0"
"681","10545","M","2764-04-10 00:00:00.0","2815-12-10 00:00:00.0"
"682","14883","M","2719-11-01 00:00:00.0","2815-08-16 00:00:00.0"
"683","11819","M","3001-10-10 00:00:00.0","3053-10-14 00:00:00.0"
"684","15605","M","3351-10-12 00:00:00.0","3441-01-30 00:00:00.0"
"685","19141","M","3064-12-21 00:00:00.0","3151-02-25 00:00:00.0"
"686","1979","M","2849-03-04 00:00:00.0","2930-03-09 00:00:00.0"
"687","32319","M","2586-04-18 00:00:00.0","2675-02-08 00:00:00.0"
"688","4142","M","3054-12-11 00:00:00.0","3137-10-06 00:00:00.0"
"689","7552","M","3221-08-06 00:00:00.0","3291-10-16 00:00:00.0"
"690","24718","M","2728-05-08 00:00:00.0","2806-03-05 00:00:00.0"
"691","24299","M","2871-07-12 00:00:00.0","2944-05-17 00:00:00.0"
"692","22260","M","2824-12-29 00:00:00.0","2902-02-04 00:00:00.0"
"693","14548","M","2781-03-01 00:00:00.0","2872-08-27 00:00:00.0"
"694","32257","M","3428-12-03 00:00:00.0","3472-06-25 00:00:00.0"
"695","17390","M","2902-08-29 00:00:00.0","2902-08-29 00:00:00.0"
"696","18611","M","3283-07-14 00:00:00.0","3330-12-12 00:00:00.0"
"697","10881","M","2986-11-22 00:00:00.0","3017-03-26 00:00:00.0"
"698","7637","M","2467-10-02 00:00:00.0","2562-06-02 00:00:00.0"
"699","10089","M","3180-06-11 00:00:00.0","3266-10-01 00:00:00.0"
"700","8536","M","2659-10-21 00:00:00.0","2743-08-08 00:00:00.0"
"701","11687","M","3344-02-17 00:00:00.0","3406-04-29 00:00:00.0"
"702","25551","M","3185-04-27 00:00:00.0","3248-06-23 00:00:00.0"
"703","26211","M","2929-11-29 00:00:00.0","2986-09-24 00:00:00.0"
"704","32737","M","3231-03-12 00:00:00.0","3312-09-06 00:00:00.0"
"705","17586","M","2581-12-07 00:00:00.0","2666-08-20 00:00:00.0"
"706","25986","M","2515-05-29 00:00:00.0","2606-03-03 00:00:00.0"
"707","17236","M","2822-11-10 00:00:00.0","2899-07-27 00:00:00.0"
"708","1000","M","2442-05-11 00:00:00.0","2512-03-02 00:00:00.0"
"709","5282","M","3382-08-13 00:00:00.0","3438-03-27 00:00:00.0"
"710","29636","M","2420-04-01 00:00:00.0","2506-07-14 00:00:00.0"
"711","23988","M","3409-10-12 00:00:00.0","3490-11-27 00:00:00.0"
"712","1734","M","2900-04-23 00:00:00.0","2950-04-25 00:00:00.0"
"713","17182","M","3067-01-23 00:00:00.0","3141-02-14 00:00:00.0"
"714","7509","M","3247-04-23 00:00:00.0","3305-02-01 00:00:00.0"
"715","1599","M","2509-11-26 00:00:00.0","2570-04-01 00:00:00.0"
"716","4778","M","2711-02-16 00:00:00.0","2757-03-04 00:00:00.0"
"717","30134","M","2967-10-10 00:00:00.0","3041-03-30 00:00:00.0"
"718","17485","M","3173-09-14 00:00:00.0","3254-05-28 00:00:00.0"
"719","3804","M","3113-08-11 00:00:00.0","3203-12-26 00:00:00.0"
"720","30250","M","2541-07-04 00:00:00.0","2604-08-01 00:00:00.0"
"721","19719","M","3079-10-13 00:00:00.0","3135-11-11 00:00:00.0"
"722","6098","M","3174-09-30 00:00:00.0","3240-02-12 00:00:00.0"
"723","23402","M","3387-03-28 00:00:00.0","3444-04-25 00:00:00.0"
"724","26261","M","3241-05-28 00:00:00.0","3312-01-23 00:00:00.0"
"725","16380","M","2977-07-17 00:00:00.0","3042-03-28 00:00:00.0"
"726","11334","M","3420-10-24 00:00:00.0","3476-07-01 00:00:00.0"
"727","28346","M","3275-07-11 00:00:00.0","3342-10-14 00:00:00.0"
"728","8380","M","2516-04-21 00:00:00.0","2603-08-29 00:00:00.0"
"729","25335","M","2640-12-02 00:00:00.0","2719-10-19 00:00:00.0"
"730","26271","M","3088-09-29 00:00:00.0","3164-07-24 00:00:00.0"
"731","29091","M","2761-12-21 00:00:00.0","2852-04-02 00:00:00.0"
"732","67","M","2903-06-04 00:00:00.0","2976-11-29 00:00:00.0"
"733","19391","M","2667-07-02 00:00:00.0","2747-04-20 00:00:00.0"
"734","26456","M","3348-01-02 00:00:00.0","3442-02-17 00:00:00.0"
"735","11307","M","2682-11-28 00:00:00.0","2742-02-24 00:00:00.0"
"736","8362","M","2834-05-14 00:00:00.0","2881-10-14 00:00:00.0"
"737","20345","M","2605-10-09 00:00:00.0","2680-06-16 00:00:00.0"
"738","7752","M","3085-03-02 00:00:00.0","3116-05-19 00:00:00.0"
"739","20553","M","3237-08-21 00:00:00.0","3321-01-12 00:00:00.0"
"740","914","M","3176-08-05 00:00:00.0","3226-07-23 00:00:00.0"
"741","9633","M","3240-07-19 00:00:00.0","3312-03-05 00:00:00.0"
"742","13153","M","3110-10-08 00:00:00.0","3199-04-18 00:00:00.0"
"743","17983","M","2925-10-10 00:00:00.0","3012-03-20 00:00:00.0"
"744","12560","M","3202-03-20 00:00:00.0","3283-11-18 00:00:00.0"
"745","11101","M","2930-04-15 00:00:00.0","3003-12-12 00:00:00.0"
"746","14994","M","2574-03-31 00:00:00.0","2659-07-06 00:00:00.0"
"747","25003","M","2852-06-21 00:00:00.0","2910-07-23 00:00:00.0"
"748","21115","M","3290-04-07 00:00:00.0","3363-05-07 00:00:00.0"
"749","25016","M","2500-03-08 00:00:00.0","2587-03-01 00:00:00.0"
"750","20432","M","3275-02-05 00:00:00.0","3295-07-18 00:00:00.0"
"751","30409","M","3246-05-26 00:00:00.0","3328-01-08 00:00:00.0"
"752","25571","M","2873-02-15 00:00:00.0","2949-10-28 00:00:00.0"
"753","1456","M","3077-10-06 00:00:00.0","3077-11-03 00:00:00.0"
"754","7018","M","2765-01-31 00:00:00.0","2850-12-04 00:00:00.0"
"755","16091","M","3159-04-18 00:00:00.0","3208-08-15 00:00:00.0"
"756","4570","M","2972-05-14 00:00:00.0","3050-11-10 00:00:00.0"
"757","16421","M","2889-07-17 00:00:00.0","2955-05-22 00:00:00.0"
"758","12486","M","2455-09-27 00:00:00.0","2517-03-24 00:00:00.0"
"759","15972","M","3096-09-04 00:00:00.0","3181-11-07 00:00:00.0"
"760","3702","M","2427-06-11 00:00:00.0","2500-08-04 00:00:00.0"
"761","26267","M","2673-02-03 00:00:00.0","2718-07-14 00:00:00.0"
"762","21974","M","2538-11-18 00:00:00.0","2593-10-03 00:00:00.0"
"763","8253","M","3261-08-15 00:00:00.0","3310-09-09 00:00:00.0"
"764","6292","M","2493-07-23 00:00:00.0","2569-02-21 00:00:00.0"
"765","12081","M","3028-04-23 00:00:00.0","3105-01-21 00:00:00.0"
"766","1056","M","2930-07-16 00:00:00.0","3008-04-15 00:00:00.0"
"767","10514","M","3384-11-01 00:00:00.0","3444-08-19 00:00:00.0"
"768","22332","M","2930-06-23 00:00:00.0","3017-09-13 00:00:00.0"
"769","16963","M","3169-07-12 00:00:00.0","3250-12-30 00:00:00.0"
"770","4816","M","3159-11-19 00:00:00.0","3215-11-18 00:00:00.0"
"771","25395","M","2645-07-17 00:00:00.0","2718-08-23 00:00:00.0"
"772","26039","M","2693-03-16 00:00:00.0","2745-04-26 00:00:00.0"
"773","2207","M","3377-07-18 00:00:00.0","3443-05-04 00:00:00.0"
"774","10160","M","3100-05-20 00:00:00.0","3186-09-26 00:00:00.0"
"775","19390","M","2501-03-21 00:00:00.0","2555-08-18 00:00:00.0"
"776","26588","M","3258-02-11 00:00:00.0","3310-08-15 00:00:00.0"
"777","4715","M","2429-06-25 00:00:00.0","2513-01-24 00:00:00.0"
"778","6485","M","2706-06-14 00:00:00.0","2789-08-02 00:00:00.0"
"779","7910","M","3204-06-21 00:00:00.0","3268-05-20 00:00:00.0"
"780","8569","M","3369-12-20 00:00:00.0","3439-11-02 00:00:00.0"
"781","11589","M","2771-01-21 00:00:00.0","2840-11-26 00:00:00.0"
"782","16311","M","3247-05-18 00:00:00.0","3322-05-11 00:00:00.0"
"783","32009","M","3401-06-16 00:00:00.0","3448-03-18 00:00:00.0"
"784","804","M","2871-06-30 00:00:00.0","2940-11-01 00:00:00.0"
"785","181","M","3244-10-01 00:00:00.0","3309-12-21 00:00:00.0"
"786","15801","M","2958-09-19 00:00:00.0","3030-09-14 00:00:00.0"
"787","26498","M","2673-11-09 00:00:00.0","2739-08-21 00:00:00.0"
"788","29065","M","3184-11-29 00:00:00.0","3244-01-14 00:00:00.0"
"789","17145","M","3243-10-20 00:00:00.0","3320-01-08 00:00:00.0"
"790","24549","M","3282-11-19 00:00:00.0","3359-01-24 00:00:00.0"
"791","13995","M","2696-04-07 00:00:00.0","2778-05-09 00:00:00.0"
"792","24979","M","3171-08-14 00:00:00.0","3241-07-18 00:00:00.0"
"793","13430","M","3072-04-23 00:00:00.0","3119-09-10 00:00:00.0"
"794","18278","M","3180-02-08 00:00:00.0","3232-06-26 00:00:00.0"
"795","23795","M","2851-07-23 00:00:00.0","2917-02-09 00:00:00.0"
"796","26644","M","3406-06-19 00:00:00.0","3497-11-11 00:00:00.0"
"797","19351","M","2621-01-18 00:00:00.0","2664-03-13 00:00:00.0"
"798","25440","M","2605-06-25 00:00:00.0","2688-03-19 00:00:00.0"
"799","32675","M","2758-07-07 00:00:00.0","2816-04-29 00:00:00.0"
"800","21501","M","3388-05-19 00:00:00.0","3467-08-26 00:00:00.0"
"801","13800","M","2462-05-18 00:00:00.0","2527-06-03 00:00:00.0"
"802","25152","M","3052-01-17 00:00:00.0","3106-04-13 00:00:00.0"
"803","31670","M","3223-02-22 00:00:00.0","3301-07-22 00:00:00.0"
"804","17560","M","2711-06-01 00:00:00.0","2737-12-30 00:00:00.0"
"805","30940","M","2689-05-15 00:00:00.0","2713-01-13 00:00:00.0"
"806","18602","M","2571-04-13 00:00:00.0","2601-07-22 00:00:00.0"
"807","8210","M","3139-12-31 00:00:00.0","3219-04-20 00:00:00.0"
"808","21063","M","2530-04-26 00:00:00.0","2530-05-01 00:00:00.0"
"809","8264","M","3173-02-25 00:00:00.0","3228-06-18 00:00:00.0"
"810","11304","M","2895-07-16 00:00:00.0","2952-01-04 00:00:00.0"
"811","23682","M","3032-09-29 00:00:00.0","3128-06-15 00:00:00.0"
"812","22338","M","2426-05-24 00:00:00.0","2502-04-19 00:00:00.0"
"813","32285","M","2780-03-11 00:00:00.0","2826-02-19 00:00:00.0"
"814","22844","M","2852-06-11 00:00:00.0","2881-11-23 00:00:00.0"
"815","8721","M","2831-11-08 00:00:00.0","2911-07-26 00:00:00.0"
"816","16174","M","3321-07-31 00:00:00.0","3343-11-23 00:00:00.0"
"817","9139","M","3084-01-26 00:00:00.0","3168-05-12 00:00:00.0"
"818","15630","M","2694-05-27 00:00:00.0","2740-02-09 00:00:00.0"
"819","18548","M","3197-05-02 00:00:00.0","3264-05-15 00:00:00.0"
"820","15080","M","3396-10-11 00:00:00.0","3459-02-22 00:00:00.0"
"821","3302","M","2444-02-27 00:00:00.0","2525-12-15 00:00:00.0"
"822","10326","M","3230-02-24 00:00:00.0","3311-03-12 00:00:00.0"
"823","25404","M","2667-08-25 00:00:00.0","2726-05-25 00:00:00.0"
"824","27338","M","2639-10-25 00:00:00.0","2703-01-15 00:00:00.0"
"825","27496","M","2723-06-23 00:00:00.0","2818-07-29 00:00:00.0"
"826","16036","M","3404-10-28 00:00:00.0","3489-02-24 00:00:00.0"
"827","4798","M","2893-01-27 00:00:00.0","2952-02-23 00:00:00.0"
"828","20909","M","2746-06-05 00:00:00.0","2787-01-07 00:00:00.0"
"829","17678","M","3202-02-22 00:00:00.0","3202-02-22 00:00:00.0"
"830","27466","M","3407-09-08 00:00:00.0","3495-09-02 00:00:00.0"
"831","13236","M","2936-03-31 00:00:00.0","3020-02-07 00:00:00.0"
"832","12058","M","2897-12-03 00:00:00.0","2988-03-02 00:00:00.0"
"833","12413","M","2924-01-07 00:00:00.0","3003-12-22 00:00:00.0"
"834","23871","M","3167-12-14 00:00:00.0","3257-12-13 00:00:00.0"
"835","8466","M","3310-07-02 00:00:00.0","3370-10-01 00:00:00.0"
"836","28456","M","2570-09-21 00:00:00.0","2585-11-23 00:00:00.0"
"837","4082","M","3394-01-07 00:00:00.0","3456-10-06 00:00:00.0"
"838","2775","M","3369-09-15 00:00:00.0","3437-07-01 00:00:00.0"
"839","13098","M","2634-10-08 00:00:00.0","2705-12-27 00:00:00.0"
"840","1610","M","3159-02-20 00:00:00.0","3231-04-04 00:00:00.0"
"841","16338","M","3004-10-16 00:00:00.0","3080-06-05 00:00:00.0"
"842","6501","M","3132-03-10 00:00:00.0","3187-05-09 00:00:00.0"
"843","4034","M","2681-07-27 00:00:00.0","2753-12-08 00:00:00.0"
"844","5252","M","2582-06-21 00:00:00.0","2651-07-06 00:00:00.0"
"845","3181","M","2928-03-28 00:00:00.0","3007-06-24 00:00:00.0"
"846","6654","M","2550-08-26 00:00:00.0","2612-01-01 00:00:00.0"
"847","7277","M","3065-08-19 00:00:00.0","3150-07-19 00:00:00.0"
"848","11231","M","2874-03-03 00:00:00.0","2929-10-23 00:00:00.0"
"849","1264","M","2868-09-19 00:00:00.0","2950-12-08 00:00:00.0"
"850","16172","M","2563-06-09 00:00:00.0","2638-05-11 00:00:00.0"
"851","14999","M","2780-03-28 00:00:00.0","2852-07-10 00:00:00.0"
"852","26795","M","3390-06-10 00:00:00.0","3461-10-17 00:00:00.0"
"853","26828","M","2878-01-18 00:00:00.0","2956-10-16 00:00:00.0"
"854","17680","M","2934-09-18 00:00:00.0","2984-01-29 00:00:00.0"
"855","24882","M","2543-07-06 00:00:00.0","2601-02-27 00:00:00.0"
"856","19408","M","3072-06-07 00:00:00.0","3142-03-07 00:00:00.0"
"857","27742","M","2971-11-29 00:00:00.0","3044-12-14 00:00:00.0"
"858","26688","M","3380-03-08 00:00:00.0","3439-01-15 00:00:00.0"
"859","23591","M","3087-11-26 00:00:00.0","3173-09-23 00:00:00.0"
"860","7343","M","2961-02-07 00:00:00.0","3021-11-17 00:00:00.0"
"861","6496","M","2432-11-24 00:00:00.0","2523-02-20 00:00:00.0"
"862","23117","M","3373-09-04 00:00:00.0","3423-08-17 00:00:00.0"
"863","22354","M","2728-03-05 00:00:00.0","2785-08-23 00:00:00.0"
"864","5056","M","2623-08-14 00:00:00.0","2663-03-31 00:00:00.0"
"865","21274","M","3012-02-25 00:00:00.0","3069-11-17 00:00:00.0"
"866","2057","M","2469-06-12 00:00:00.0","2520-01-05 00:00:00.0"
"867","1787","M","3387-08-25 00:00:00.0","3472-01-05 00:00:00.0"
"868","23073","M","3081-07-20 00:00:00.0","3151-12-27 00:00:00.0"
"869","3320","M","3152-12-08 00:00:00.0","3234-01-02 00:00:00.0"
"870","13301","M","3241-06-08 00:00:00.0","3318-02-11 00:00:00.0"
"871","26914","M","3293-04-11 00:00:00.0","3353-08-27 00:00:00.0"
"872","7953","M","2979-02-23 00:00:00.0","3063-02-06 00:00:00.0"
"873","18984","M","3318-04-17 00:00:00.0","3403-01-29 00:00:00.0"
"874","5452","M","2989-09-08 00:00:00.0","3078-02-13 00:00:00.0"
"875","21094","M","2703-03-05 00:00:00.0","2785-08-03 00:00:00.0"
"876","27308","M","2916-05-12 00:00:00.0","2994-11-20 00:00:00.0"
"877","27404","M","3308-08-30 00:00:00.0","3383-08-15 00:00:00.0"
"878","4839","M","2677-01-14 00:00:00.0","2739-05-30 00:00:00.0"
"879","10950","M","2947-06-03 00:00:00.0","3002-03-10 00:00:00.0"
"880","16351","M","3241-09-30 00:00:00.0","3313-03-07 00:00:00.0"
"881","1594","M","2493-12-26 00:00:00.0","2552-11-07 00:00:00.0"
"882","1049","M","3377-08-23 00:00:00.0","3449-09-15 00:00:00.0"
"883","17875","M","2978-08-13 00:00:00.0","3026-11-21 00:00:00.0"
"884","7880","M","2603-05-30 00:00:00.0","2630-10-04 00:00:00.0"
"885","13566","M","2833-02-21 00:00:00.0","2925-01-20 00:00:00.0"
"886","15550","M","2471-08-06 00:00:00.0","2531-12-25 00:00:00.0"
"887","13235","M","3041-12-13 00:00:00.0","3082-03-02 00:00:00.0"
"888","27608","M","2950-10-09 00:00:00.0","3037-08-26 00:00:00.0"
"889","5033","M","2809-11-25 00:00:00.0","2904-10-25 00:00:00.0"
"890","20283","M","2726-05-22 00:00:00.0","2793-05-20 00:00:00.0"
"891","7073","M","3042-02-21 00:00:00.0","3100-06-14 00:00:00.0"
"892","27642","M","2872-06-10 00:00:00.0","2938-07-08 00:00:00.0"
"893","25180","M","3000-02-04 00:00:00.0","3093-09-08 00:00:00.0"
"894","6191","M","2668-01-20 00:00:00.0","2744-01-20 00:00:00.0"
"895","3893","M","3294-12-23 00:00:00.0","3372-09-11 00:00:00.0"
"896","8147","M","3239-11-14 00:00:00.0","3330-08-15 00:00:00.0"
"897","17750","M","2481-11-15 00:00:00.0","2525-01-24 00:00:00.0"
"898","16641","M","3050-05-21 00:00:00.0","3111-04-09 00:00:00.0"
"899","11064","M","3277-04-20 00:00:00.0","3363-05-15 00:00:00.0"
"900","28178","M","3178-01-09 00:00:00.0","3245-03-02 00:00:00.0"
"901","18401","M","3438-02-27 00:00:00.0","3490-02-17 00:00:00.0"
"902","4796","M","3072-01-13 00:00:00.0","3134-01-12 00:00:00.0"
"903","23221","M","2648-05-09 00:00:00.0","2717-04-14 00:00:00.0"
"904","2025","M","3173-09-16 00:00:00.0","3242-08-05 00:00:00.0"
"905","22387","M","3034-05-15 00:00:00.0","3103-01-14 00:00:00.0"
"906","28625","M","3269-09-29 00:00:00.0","3345-09-28 00:00:00.0"
"907","18636","M","2924-09-15 00:00:00.0","2986-01-27 00:00:00.0"
"908","28715","M","2646-03-19 00:00:00.0","2674-06-23 00:00:00.0"
"909","28750","M","2868-08-06 00:00:00.0","2952-07-21 00:00:00.0"
"910","28760","M","2963-11-02 00:00:00.0","3033-01-24 00:00:00.0"
"911","28815","M","2839-07-02 00:00:00.0","2930-02-18 00:00:00.0"
"912","28982","M","2452-10-10 00:00:00.0","2535-12-06 00:00:00.0"
"913","26117","M","3079-02-18 00:00:00.0","3131-04-23 00:00:00.0"
"914","21059","M","3260-01-13 00:00:00.0","3280-03-06 00:00:00.0"
"915","9331","M","2430-10-13 00:00:00.0","2525-09-19 00:00:00.0"
"916","25912","M","2557-06-04 00:00:00.0","2637-07-20 00:00:00.0"
"917","14485","M","2456-06-07 00:00:00.0","2530-05-22 00:00:00.0"
"918","14922","M","3319-02-08 00:00:00.0","3407-02-27 00:00:00.0"
"919","24653","M","2781-08-13 00:00:00.0","2864-02-25 00:00:00.0"
"920","21678","M","2561-09-03 00:00:00.0","2645-11-29 00:00:00.0"
"921","1987","M","2873-10-11 00:00:00.0","2919-03-20 00:00:00.0"
"922","19195","M","3033-11-20 00:00:00.0","3107-08-09 00:00:00.0"
"923","29175","M","2490-10-25 00:00:00.0","2523-08-23 00:00:00.0"
"924","26468","M","2841-11-27 00:00:00.0","2900-06-21 00:00:00.0"
"925","7157","M","3341-02-04 00:00:00.0","3388-03-09 00:00:00.0"
"926","9825","M","2818-06-23 00:00:00.0","2870-07-05 00:00:00.0"
"927","28388","M","3132-04-07 00:00:00.0","3200-10-04 00:00:00.0"
"928","18531","M","2968-03-06 00:00:00.0","3025-05-03 00:00:00.0"
"929","18514","M","2795-05-12 00:00:00.0","2862-05-01 00:00:00.0"
"930","4331","M","2624-02-12 00:00:00.0","2696-12-27 00:00:00.0"
"931","11194","M","2492-03-26 00:00:00.0","2541-06-05 00:00:00.0"
"932","23202","M","2451-10-29 00:00:00.0","2530-02-15 00:00:00.0"
"933","27558","M","2792-02-23 00:00:00.0","2872-07-24 00:00:00.0"
"934","31030","M","3289-09-17 00:00:00.0","3321-04-29 00:00:00.0"
"935","27224","M","3008-08-25 00:00:00.0","3095-07-07 00:00:00.0"
"936","1574","M","2483-10-04 00:00:00.0","2555-06-09 00:00:00.0"
"937","16937","M","2915-12-15 00:00:00.0","2999-10-21 00:00:00.0"
"938","14539","M","3188-04-20 00:00:00.0","3250-11-17 00:00:00.0"
"939","9141","M","2454-10-10 00:00:00.0","2531-12-02 00:00:00.0"
"940","12905","M","3251-02-08 00:00:00.0","3336-12-26 00:00:00.0"
"941","18903","M","3061-10-04 00:00:00.0","3131-02-15 00:00:00.0"
"942","1284","M","3418-07-14 00:00:00.0","3454-10-28 00:00:00.0"
"943","21149","M","2545-03-21 00:00:00.0","2624-10-19 00:00:00.0"
"944","9651","M","2860-04-26 00:00:00.0","2936-12-03 00:00:00.0"
"945","4902","M","2525-11-30 00:00:00.0","2576-07-15 00:00:00.0"
"946","19617","M","2569-07-11 00:00:00.0","2634-02-10 00:00:00.0"
"947","6676","M","2620-06-28 00:00:00.0","2689-09-24 00:00:00.0"
"948","2714","M","3205-01-11 00:00:00.0","3272-05-23 00:00:00.0"
"949","17973","M","3105-02-06 00:00:00.0","3160-02-28 00:00:00.0"
"950","3881","M","2752-11-15 00:00:00.0","2847-02-11 00:00:00.0"
"951","1120","M","2971-07-02 00:00:00.0","3022-10-06 00:00:00.0"
"952","32064","M","2594-10-13 00:00:00.0","2676-04-27 00:00:00.0"
"953","18779","M","3262-05-02 00:00:00.0","3330-02-16 00:00:00.0"
"954","19458","M","2871-06-14 00:00:00.0","2937-09-15 00:00:00.0"
"955","7539","M","3237-03-31 00:00:00.0","3315-02-16 00:00:00.0"
"956","16447","M","3335-01-06 00:00:00.0","3402-10-23 00:00:00.0"
"957","8173","M","2723-06-15 00:00:00.0","2815-12-23 00:00:00.0"
"958","3780","M","2835-11-30 00:00:00.0","2922-01-13 00:00:00.0"
"959","7209","M","2642-08-20 00:00:00.0","2694-05-07 00:00:00.0"
"960","3932","M","3159-09-01 00:00:00.0","3236-03-16 00:00:00.0"
"961","24579","M","2487-05-17 00:00:00.0","2566-04-21 00:00:00.0"
"962","12278","M","3014-04-29 00:00:00.0","3061-11-20 00:00:00.0"
"963","13538","M","2659-07-30 00:00:00.0","2721-01-13 00:00:00.0"
"964","18571","M","2672-04-11 00:00:00.0","2748-10-23 00:00:00.0"
"965","31270","M","3104-02-01 00:00:00.0","3155-08-24 00:00:00.0"
"966","8549","M","3192-08-17 00:00:00.0","3267-05-08 00:00:00.0"
"967","31319","M","2601-02-10 00:00:00.0","2647-06-25 00:00:00.0"
"968","11634","M","2479-12-13 00:00:00.0","2531-09-02 00:00:00.0"
"969","5749","M","3017-10-09 00:00:00.0","3080-09-23 00:00:00.0"
"970","11395","M","3089-12-14 00:00:00.0","3153-02-19 00:00:00.0"
"971","9426","M","3253-10-30 00:00:00.0","3347-05-11 00:00:00.0"
"972","14012","M","3230-01-03 00:00:00.0","3300-02-01 00:00:00.0"
"973","24137","M","2758-11-24 00:00:00.0","2836-08-07 00:00:00.0"
"974","21676","M","2990-05-04 00:00:00.0","3071-10-07 00:00:00.0"
"975","21405","M","2567-02-02 00:00:00.0","2652-01-16 00:00:00.0"
"976","23251","M","2796-12-31 00:00:00.0","2875-08-24 00:00:00.0"
"977","18961","M","3306-04-10 00:00:00.0","3381-08-14 00:00:00.0"
"978","4399","M","3289-07-29 00:00:00.0","3383-10-30 00:00:00.0"
"979","5818","M","2743-09-04 00:00:00.0","2800-06-26 00:00:00.0"
"980","26575","M","2686-03-01 00:00:00.0","2764-07-03 00:00:00.0"
"981","18129","M","2918-10-11 00:00:00.0","2974-12-24 00:00:00.0"
"982","25255","M","3267-09-27 00:00:00.0","3332-11-08 00:00:00.0"
"983","11724","M","2422-05-26 00:00:00.0","2503-02-26 00:00:00.0"
"984","19602","M","2492-11-28 00:00:00.0","2553-06-13 00:00:00.0"
"985","29657","M","2991-11-01 00:00:00.0","3034-04-15 00:00:00.0"
"986","23781","M","2849-01-31 00:00:00.0","2900-12-05 00:00:00.0"
"987","23350","M","3224-06-11 00:00:00.0","3280-05-07 00:00:00.0"
"988","5313","M","3013-12-23 00:00:00.0","3086-07-09 00:00:00.0"
"989","29772","M","2906-11-04 00:00:00.0","2966-07-18 00:00:00.0"
"990","1193","M","3295-11-03 00:00:00.0","3363-12-17 00:00:00.0"
"991","18717","M","2567-02-19 00:00:00.0","2623-01-14 00:00:00.0"
"992","14515","M","3086-04-26 00:00:00.0","3158-09-02 00:00:00.0"
"993","4074","M","3073-08-01 00:00:00.0","3156-02-06 00:00:00.0"
"994","17668","M","2938-04-07 00:00:00.0","2981-09-09 00:00:00.0"
"995","20307","M","3019-01-14 00:00:00.0","3106-09-27 00:00:00.0"
"996","23354","M","2520-06-19 00:00:00.0","2605-10-19 00:00:00.0"
"997","4285","M","3419-07-06 00:00:00.0","3478-05-30 00:00:00.0"
"998","31467","M","2941-09-17 00:00:00.0","3026-01-11 00:00:00.0"
"999","31469","M","3032-03-28 00:00:00.0","3117-12-03 00:00:00.0"
"1000","5054","M","3031-12-29 00:00:00.0","3112-09-25 00:00:00.0"
